url,content,avatarImg,authorName,writeTime,heartCount,careArticleLen,address,type,imgList,comments,videoSrc
https://www.xiaohongshu.com/discovery/item/62e2e65c0000000012006473,åŸä»·VIPseat Â£9.491âƒ£ï¸å¼ è‹±å›½ä»»ä½•VUEå½±é™¢éƒ½ğŸ‰‘ï¸ä½¿ç”¨ä¸é™æ—¶é—´ ğŸ‰‘ï¸é€‰æ‹©ä»»æ„æ—¶é—´çœ‹!!!#è‹±åœ‹ç•™å­¸ #ä¼¦æ•¦ #ç”µå½± #ä¼¦æ•¦ç”Ÿæ´» #è‹±å›½ç”Ÿæ´» #è‹±å›½ç•™å­¦ç”Ÿ #vue,https://sns-avatar-qc.xhscdn.com/avatar/628385d61d86e8539f953b6c.jpg?imageView2/1/w/540/format/jpg,yjyjl,å‘å¸ƒäº 2022-07-29 03:41,9157,9,åŒ—äº¬,vue,"//ci.xiaohongshu.com/69759874-8194-84d4-38e2-753d2d2d13cf?imageView2/2/w/1080/format/jpg,//ci.xiaohongshu.com/c1b83ae7-a1c4-5ace-224e-597f5b212a4b?imageView2/2/w/1080/format/jpg","[{""commentAvatar"": ""https://sns-avatar-qc.xhscdn.com/avatar/5a729ddfd2c8a56b40ebfe3a.jpg?imageView2/2/w/80/format/jpg"", ""commentUserName"": ""\u539f\u5b50\u7684\u4e38\u5b50"", ""commentTime"": ""\u4eca\u5929 05:45"", ""commentContent"": ""\u4f60\u597d\uff0c\u7968\u8fd8\u5728\u4e48\uff1f\u60f3\u5165\u624b\u3002""}]",0
https://www.xiaohongshu.com/discovery/item/5e454f6e0000000001000ce7,å¾ˆå¤šäººæƒ³è‡ªå·±å‰ªvlogå‰ªè§†é¢‘ï¼Œåˆç»å¸¸è¢«å¤æ‚çš„ç”µè„‘è§†é¢‘å‰ªè¾‘è½¯ä»¶åŠé€€ã€‚å…¶å®æœ‰å¾ˆå¤šæ‰‹æœºappå‰ªè§†é¢‘éƒ½å¾ˆå¥½ç”¨ï¼Œç»™ä½ ä»¬ä»‹ç»ä¸€ä¸‹æˆ‘æœ€å–œæ¬¢çš„å‡ ä¸ªï¼Œä»¥åå°±èƒ½è‡ªå·±å‰ªè§†é¢‘å•¦ï¼â€¢ä¸€é—ªç‰¹åˆ«é€‚åˆç”¨æ¥å‰ªvlogï¼Œæ›²åº“æ¯”è¾ƒå…¨ï¼Œé‡Œé¢çš„æ»¤é•œä¹Ÿå¯ä»¥æ‰‹åŠ¨è°ƒæ•´ï¼Œå¾ˆæ™ºèƒ½ã€‚â€¢å¿«å‰ªè¾‘åŠŸèƒ½é½å…¨åˆå¼ºå¤§ï¼Œæ”¯æŒç›´æ¥å½•éŸ³å’Œä¸€é”®å­—å¹•ï¼Œè¿˜æ”¯æŒæŠ å›¾ï¼Œæ“ä½œä¹Ÿä¸å¤æ‚ã€‚â€¢VUEæˆ‘ç‰¹åˆ«å–œæ¬¢è¿™ä¸ªè½¯ä»¶çš„æ»¤é•œï¼Œå­—ä½“å’Œè¾¹æ¡†éƒ½å¾ˆé½å…¨ï¼Œè¿˜æ”¯æŒç¾é¢œå“¦ï¼ä¹Ÿå¾ˆé€‚åˆå‰ªvlogï¼â€¢Bigshotæ¨¡ç‰ˆç‰¹åˆ«å¤šï¼Œå¾ˆé€‚åˆæŒ‘é€‰è‡ªå·±çš„è§†é¢‘ç‰‡å¤´ç‰‡å°¾ã€‚â€¢Videoleapè¿™ä¸ªè½¯ä»¶æˆ‘ä¹Ÿå¾ˆå–œæ¬¢ï¼Œä¸Šæ‰‹å¾ˆå¿«ï¼Œè§†é¢‘æ•ˆæœå’Œè½¬åœºæ•ˆæœç‰¹åˆ«å¤šï¼Œä¹Ÿæ–¹ä¾¿è°ƒæ•´å’Œä¿®æ”¹å›¾å±‚ã€‚â€¢çŒ«é¥¼è¿™æ˜¯ä¸ªæ·»åŠ ç”»å¤–éŸ³å’Œæ—ç™½çš„ç¥å™¨ï¼Œè¿˜èƒ½å¤Ÿä¸Šä¼ æœ¬åœ°éŸ³ä¹å½“èƒŒæ™¯éŸ³ä¹ï¼Œåšå­—å¹•ä¹Ÿç‰¹åˆ«æ–¹ä¾¿ã€‚â€¢WIDEè¿™ä¸ªè½¯ä»¶çš„æ»¤é•œåº“å’Œè´´çº¸éƒ½ç‰¹åˆ«ä¸°å¯Œï¼Œè¿˜å¯ä»¥ç›´æ¥ç”¨å®ƒæ¥æ‹æ‘„ï¼Œç¾é¢œæ•ˆæœä¹Ÿå¥½ã€‚â€¢Inshotè¿™ä¸ªæ˜¯æ¬§é˜³å¨œå¨œåŒæ¬¾ç¥å™¨å•¦ï¼æœ‰è¶…çº§å¤šå¯çˆ±çš„è´´çº¸ï¼ç‰¹åˆ«é€‚åˆåšå¯çˆ±çš„vlogï¼æˆ‘å¾ˆå–œæ¬¢è¿™ä¸ªè½¯ä»¶ï¼#Sueâ€™s Share##VLOG,https://sns-avatar-qc.xhscdn.com/avatar/5fabbf269b6d9500017dd0eb.jpg?imageView2/1/w/540/format/jpg,æ— è¶£ç½‘å‹å°ç‹,å‘å¸ƒäº 2020-02-13 21:30,3442,10,æ±Ÿè¥¿,vue,"//ci.xiaohongshu.com/085d8627-6712-5530-8070-b3244e16cdc1?imageView2/2/w/1080/format/jpg,//ci.xiaohongshu.com/1bc2a98d-8d48-5b3e-91da-b9e7f1abf132?imageView2/2/w/1080/format/jpg,//ci.xiaohongshu.com/2c1ee594-34b9-5941-8410-07e692791a39?imageView2/2/w/1080/format/jpg,//ci.xiaohongshu.com/4c041d26-b83f-589f-9e3c-9f2ad4409a79?imageView2/2/w/1080/format/jpg,//ci.xiaohongshu.com/d614c010-e130-588c-bc82-8944b3526629?imageView2/2/w/1080/format/jpg,//ci.xiaohongshu.com/f56f51a0-1c25-5bb8-999e-5bbe70bded30?imageView2/2/w/1080/format/jpg,//ci.xiaohongshu.com/815bf54c-1da3-5b7e-af54-b7eb579c4a49?imageView2/2/w/1080/format/jpg,//ci.xiaohongshu.com/31f6aedb-331f-5906-9fec-494bd68134ab?imageView2/2/w/1080/format/jpg,//ci.xiaohongshu.com/b3ea58c5-2fd9-5817-8292-be92e413ecba?imageView2/2/w/1080/format/jpg","[{""commentAvatar"": ""https://sns-avatar-qc.xhscdn.com/avatar/6146334347b078c540f42122.jpg?imageView2/2/w/80/format/jpg"", ""commentUserName"": ""\u4e00\u53ea\u62cd\u732b\u7231\u597d\u9171"", ""commentTime"": ""2020-07-17"", ""commentContent"": ""\u6211\u6700\u8fd1\u4e0b\u7684\u4e00\u6b3eapp\uff0c\u53eb\u8f7b\u526a\uff0c\u91cc\u9762\u7684\u6a21\u677f\u5c31\u8fd8\u4e0d\u9519\uff0c\u6574\u4f53\u662f\u8fd8\u86ee\u6709\u7535\u5f71\u611f\u7684\uff0c\u8d28\u611f\u597d\uff0c\u6ca1\u90a3\u4e48\u70c2\u5927\u8857\u3002\u3002""}, {""commentAvatar"": ""https://sns-avatar-qc.xhscdn.com/avatar/5e5f7c67d9b6140001efc469.jpg?imageView2/2/w/80/format/jpg"", ""commentUserName"": ""\ud83e\udd84"", ""commentTime"": ""2020-06-22"", ""commentContent"": ""\u6709\u6ca1\u6709\u4e0d\u8981VIP\u7684""}, {""commentAvatar"": ""https://sns-avatar-qc.xhscdn.com/avatar/5dfc6fd7ac13ac0001d5b870.jpg?imageView2/2/w/80/format/jpg"", ""commentUserName"": ""\u4e00\u6ce2\u53c8\u4e00\u6ce2\uff5e"", ""commentTime"": ""2021-04-09"", ""commentContent"": ""\u6211\u60f3\u8981\u4e00\u4e2a\u6ca1\u6709\u6c34\u5370\u4e0d\u8981\u4f1a\u5458\u53ef\u4ee5\u81ea\u52a8\u8bc6\u522b\u5b57\u5e55\u5e76\u4e14\u53ef\u4ee5\u53d8\u58f0\u7684\u89c6\u9891\u526a\u8f91\u8f6f\u4ef6""}, {""commentAvatar"": ""https://sns-avatar-qc.xhscdn.com/avatar/608fdede231383d089ecb3f4.jpg?imageView2/2/w/80/format/jpg"", ""commentUserName"": ""\u53f2\u5bc6\u65af\u592b\u4eba"", ""commentTime"": ""2020-05-01"", ""commentContent"": ""\u54ea\u4e2a\u4e0d\u538b\u7f29\u753b\u8d28\u554a\uff1f""}, {""commentAvatar"": ""https://sns-avatar-qc.xhscdn.com/avatar/62a568873fc7a4a72bb1bf23.jpg?imageView2/2/w/80/format/jpg"", ""commentUserName"": ""\u60f3\u56de\u5bb6\u8eba\u4f1a"", ""commentTime"": ""2020-02-13"", ""commentContent"": ""\u6211\u6628\u5929\u5c31\u60f3\u81ea\u5df1\u526a\u89c6\u9891\u4eca\u5929\u5c31\u770b\u5230\u4f60\u62c9~""}]",0
https://www.xiaohongshu.com/discovery/item/62161b2000000000210345b9,åœ¨èƒŒå…«è‚¡æ–‡çš„æ—¶å€™ï¼Œæ•´ç†äº†ä¸€éƒ¨åˆ†é¢è¯•é¢˜ï¼Œçœ‹çœ‹å§ï¼Œéœ€è¦çš„å¯ä»¥ç§èŠæˆ‘#ç¨‹åºå‘˜é¢è¯• #é¢è¯•é¢˜,https://sns-avatar-qc.xhscdn.com/avatar/5d2d780a0000000016034563.jpg?imageView2/1/w/540/format/jpg,DateLIine,å‘å¸ƒäº 2022-02-23 19:31,8611,9,å‰æ—,vue,"//ci.xiaohongshu.com/a654c0ca-d54f-7456-bfd2-b97b2a7a74f8?imageView2/2/w/1080/format/jpg,//ci.xiaohongshu.com/35528ab2-1f4f-4b26-305c-5c2e3f988d3a?imageView2/2/w/1080/format/jpg","[{""commentAvatar"": ""https://sns-avatar-qc.xhscdn.com/avatar/61b5cd88da433bc2638fe82d.jpg?imageView2/2/w/80/format/jpg"", ""commentUserName"": ""\u6bcf\u5929\u90fd\u60f3\u7761\u89c9"", ""commentTime"": ""03-03"", ""commentContent"": ""\u554a\u554a\u554a\u5927\u4f6c\u6211\u9700\u8981""}, {""commentAvatar"": ""https://sns-avatar-qc.xhscdn.com/avatar/6239495c88ba851fe1fd6938.jpg?imageView2/2/w/80/format/jpg"", ""commentUserName"": ""\u6613\u5c0f\u4f55"", ""commentTime"": ""07-16"", ""commentContent"": ""\u6c42""}, {""commentAvatar"": ""https://sns-avatar-qc.xhscdn.com/avatar/6275216b3f65210332fe3109.jpg?imageView2/2/w/80/format/jpg"", ""commentUserName"": ""\u6709\u4e00\u53ea\u72d7"", ""commentTime"": ""04-25"", ""commentContent"": ""\u6c42""}, {""commentAvatar"": ""https://sns-avatar-qc.xhscdn.com/avatar/590b43c282ec396b797eca47.jpg?imageView2/2/w/80/format/jpg"", ""commentUserName"": ""Why"", ""commentTime"": ""03-25"", ""commentContent"": ""\u6bcf\u4e2a\u6211\u90fd\u77e5\u9053\uff0c\u6bcf\u4e2a\u6211\u7b54\u4e0d\u4e0a\u6765 \u6211\u8fd8\u600e\u4e48\u9762\u8bd5\uff01""}, {""commentAvatar"": ""https://sns-avatar-qc.xhscdn.com/avatar/5ce0b3c862c00a000177894f.jpg?imageView2/2/w/80/format/jpg"", ""commentUserName"": ""\u7cbd\u5b50"", ""commentTime"": ""03-24"", ""commentContent"": ""\u8fd9\u592a\u57fa\u7840\u4e86""}]",0
https://www.xiaohongshu.com/discovery/item/62e1f8e2000000001b01d0d7,#webå‰ç«¯ #webå‰ç«¯å­¦ä¹  #å‰ç«¯é¢è¯•é¢˜ #å­¦ä¹  #å°çº¢ä¹¦ #VUE,https://sns-avatar-qc.xhscdn.com/avatar/62d0e30f28dcf8375686150d.jpg?imageView2/1/w/540/format/jpg,ç« é±¼å“¥,å‘å¸ƒäº 2022-07-28 10:48,4493,9,ä¸Šæµ·,vue,"//ci.xiaohongshu.com/8d9d2757-2dad-9174-f262-68daa20fd3dd?imageView2/2/w/1080/format/jpg,//ci.xiaohongshu.com/cf6184ca-7fa7-d82b-78ee-b2893852a498?imageView2/2/w/1080/format/jpg,//ci.xiaohongshu.com/2f92c15a-7c14-e7e9-33d4-4f91219c816f?imageView2/2/w/1080/format/jpg",[],0
https://www.xiaohongshu.com/discovery/item/629fe6bf000000000102c767,Webå‰ç«¯ç¬”è®°ä¹‹Vueçš„åŸºç¡€ä»‹ç»ğŸ·ï¸.#å‰ç«¯ #ç¼–ç¨‹ #webå‰ç«¯å­¦ä¹  #è½¬ç  #é›¶åŸºç¡€è½¬ç  #ç¨‹åºå‘˜ #äº’è”ç½‘ #å¤§å‚@æ ¡å›­è–¯ @çŸ¥è¯†è–¯ @èŒåœºè–¯ @è–¯ç®¡å®¶ @è–¯é˜Ÿé•¿,https://sns-avatar-qc.xhscdn.com/avatar/6254440c45237bd53c55e6e6.jpg?imageView2/1/w/540/format/jpg,24åªç¾Šç¾Šç¾Š,å‘å¸ƒäº 2022-06-08 08:01,4568,10,è¥¿è—,vue,"//ci.xiaohongshu.com/00c563ba-bb2d-1222-89d5-caeac5b4622d?imageView2/2/w/1080/format/jpg,//ci.xiaohongshu.com/48b17056-6e03-8d36-6a40-fa8420715e32?imageView2/2/w/1080/format/jpg,//ci.xiaohongshu.com/ad4a623b-f363-cbf0-9b6d-93ec4564c1d2?imageView2/2/w/1080/format/jpg","[{""commentAvatar"": ""https://sns-avatar-qc.xhscdn.com/avatar/625453d37e5dac46eebc4109.jpg?imageView2/2/w/80/format/jpg"", ""commentUserName"": ""\u8fdb\u51fb\u7684\u524d\u7aef\u653b\u57ce\u72ee"", ""commentTime"": ""06-09"", ""commentContent"": ""\u592a\u6709\u7528\u4e86\uff0c\u5c31\u559c\u6b22\u8fd9\u79cd\u7eaf\u5e72\u8d27\u7684\uff0c\u6613\u61c2\uff0c\u5feb\u8981\u5b66\u8fd9\u4e2a\u6846\u67b6\u4e86\uff0creact\u5b66\u5e9f\u4e86""}, {""commentAvatar"": ""https://sns-avatar-qc.xhscdn.com/avatar/62e2a8dc7ea7b9264856a826.jpg?imageView2/2/w/80/format/jpg"", ""commentUserName"": ""relish"", ""commentTime"": ""06-19"", ""commentContent"": ""@121""}]",0
https://www.xiaohongshu.com/discovery/item/62be901c000000000603b788,å½“æ—¶å…¥æ‰‹å°è¯•å‰ªè¾‘è§†é¢‘ä¸‹è½½çš„ç¬¬ä¸€ä¸ªappï¼Œä¹‹åçš„è§†é¢‘åˆ¶ä½œå‡ ä¹éƒ½åœ¨è¿™ä¸Šé¢å®Œæˆï¼Œç”¨åˆ°è‡³ä»Šä¸€å…±åˆ¶ä½œäº†40å¤šä¸ªä½œå“ã€‚æ•°é‡å¹¶ä¸æ˜¯å¾ˆå¤šï¼Œä½†ä»æ‘„å½±åˆ°è§†é¢‘å‰ªè¾‘ï¼Œä¸æ˜¯ä¸“ä¸šå‡ºèº«ï¼Œä¹Ÿæ²¡å»çœ‹å„ç§æ•™ç¨‹ï¼Œå…¨å‡­è‡ªå·±å…´è¶£åœ¨æ‘¸ç´¢ï¼Œå¸Œæœ›ä¹‹åæœ‰æ›´å¥½çš„ä»£æ›¿å“ã€‚å…‰ä¸å½±çš„é™æ€ï¼Œå†åˆ°æµåŠ¨çš„å£°éŸ³å’Œè‰²å½©ï¼Œæœ€åæœ‰äº†å‰§æƒ…å’Œå¯¹ç™½ã€‚,https://sns-avatar-qc.xhscdn.com/avatar/62852f936299c117383d6125.jpg?imageView2/1/w/540/format/jpg,é»‘æ‰˜é‚¦,å‘å¸ƒäº 2022-07-01 14:11,2479,9,è¾½å®,vue,"https://gimg2.baidu.com/image_search/src=http%3A%2F%2Fi1.hdslb.com%2Fbfs%2Farchive%2F8faf492337fbdc3443236de7fe45ba12676a3ba4.png&refer=http%3A%2F%2Fi1.hdslb.com&app=2002&size=f9999,10000&q=a80&n=0&g=0n&fmt=auto?sec=1658999944&t=2c0ccab841f5812bef3fb6b8ff831f7c","[{""commentAvatar"": ""https://sns-avatar-qc.xhscdn.com/avatar/5e7dac1b2ad9f40001a73132.jpg?imageView2/2/w/80/format/jpg"", ""commentUserName"": ""\u5c3c"", ""commentTime"": ""07-23"", ""commentContent"": ""\u90a3\u4f60\u73b0\u5728\u7528\u4ec0\u4e48\uff1f""}]",http://v.xiaohongshu.com/pre_post/01e2be90043da3970183700381b8636003_259.mp4?sign=7cedc76fce42d716b91cb850e54d5acd&t=62e55580
https://www.xiaohongshu.com/discovery/item/62bc41980000000004000dfa,#å‰ç«¯å¼€å‘ #ç¨‹åºåª›,https://sns-avatar-qc.xhscdn.com/avatar/613cbbc340e9fe401032c8b5.jpg?imageView2/1/w/540/format/jpg,å”¸,å‘å¸ƒäº 2022-06-29 20:12,4285,10,å®‰å¾½,vue,//ci.xiaohongshu.com/21f778fe-8104-d46d-4651-9410a2ed6d28?imageView2/2/w/1080/format/jpg,"[{""commentAvatar"": ""https://sns-avatar-qc.xhscdn.com/avatar/5df6f5d2b8b3890001307061.jpg?imageView2/2/w/80/format/jpg"", ""commentUserName"": ""\u3002"", ""commentTime"": ""06-30"", ""commentContent"": ""\u53ef\u80fd\u9879\u76ee\u7740\u6025\u8981\u4eba\uff0c\u7740\u6025\u8981\u4eba\u4ee3\u8868\u4ed6\u4eec\u9700\u8981\u80fd\u5e72\u6d3b\u7684\uff0c\u9762\u8bd5\u5bb9\u6613\uff0c\u5f85\u4e0d\u5f85\u5f97\u4e0b\u53bb\u53e6\u4e00\u7801\u4e8b""}, {""commentAvatar"": ""https://sns-avatar-qc.xhscdn.com/avatar/5fb5b9a4bb3f3200012c5936.jpg?imageView2/2/w/80/format/jpg"", ""commentUserName"": ""\u4eca\u665a\u5403\u4ec0\u4e48"", ""commentTime"": ""06-30"", ""commentContent"": ""\u6211\u770b\u5b8c\u4e86\u7b2c\u4e00\u884c\u4ee3\u7801\u81ea\u5b66\u4e86kotlin\uff0c\u627e\u4e0d\u5230\u5b89\u5353\u5f00\u53d1\u7684\u5de5\u4f5c\u4e3a\u4ec0\u4e48\u524d\u7aef\u6ca1\u5b66\u5b8c\u5c31\u53ef\u4ee5\u627e\u5230\u5de5\u4f5c""}, {""commentAvatar"": ""https://sns-avatar-qc.xhscdn.com/avatar/59f42fd54eacab40409a78b1.jpg?imageView2/2/w/80/format/jpg"", ""commentUserName"": ""\u6211\u8ba9\u4f60\u5206\u522b\u524a\u51cf"", ""commentTime"": ""06-30"", ""commentContent"": ""\u59d0\u59b9\u662f\u5e94\u5c4a\u7684\u5417""}, {""commentAvatar"": ""https://sns-avatar-qc.xhscdn.com/avatar/5a8a11c5d1d3b94e2a59faa9.jpg?imageView2/2/w/80/format/jpg"", ""commentUserName"": ""Carrie"", ""commentTime"": ""07-25"", ""commentContent"": ""\u59d0\u59b9\u6ca1\u5b66vue\u8fdb\u53bb\u5de5\u4f5c\u771f\u7684\u884c\u4e48\uff0c\u6211\u81ea\u5b66\u90fd\u5b66\u5b8c\u4e86\u505a\u9879\u76ee\u90fd\u5feb\u5d29\u6e83\u4e86\uff0c\u4e5f\u4e0d\u6562\u53bb\u627e\u5de5\u4f5c\uff0c\u4f46\u603b\u5728\u5bb6\u95ed\u95e8\u9020\u8f66\u4e5f\u4e0d\u884c\u5440\uff0c\u597d\u591a\u4eba\u90fd\u8bf4\u8981\u53bb\u8fb9\u5de5\u4f5c\u8fb9\u5b66\u4e60\u624d\u5b66\u5f97\u5feb\u3002""}, {""commentAvatar"": ""https://sns-avatar-qc.xhscdn.com/avatar/cd255d0e201935e0d852bd371f18c198.jpg?imageView2/2/w/80/format/jpg"", ""commentUserName"": ""\u5c0f\u524d\u7aef\u7aef"", ""commentTime"": ""06-30"", ""commentContent"": ""\u90a3\u8bf7\u95ee\u9762\u8bd5\u4e5f\u6ca1\u95ee\u591a\u5c11vue\u7684\u5417\uff0c\u9879\u76ee\u4e5f\u6ca1\u7528vue\u5417\uff1f\u76f4\u63a5\u80cc\u516b\u80a1\u5c31\u80fd\u641e\u5b9a\u9762\u8bd5\u4e48""}]",0
https://www.xiaohongshu.com/discovery/item/62bfd8ef0000000006035f13,ã€ŒVue Vlogã€è¿™æ¬¾åº”ç”¨æ›¾æ˜¯å‰ªæ˜ çš„ç«å“ä¹‹ä¸€ã€‚è¿™å‡ å‘¨åšç«å“åˆ†æçš„æ—¶å€™æˆ‘å°±å‘ç°ï¼Œå„å¤§åº”ç”¨å•†åº—éƒ½æœä¸åˆ°è¿™å®¶ä¼™äº†ï¼Œåªèƒ½å»å®˜ç½‘ä¸‹è½½ï¼Œè¿˜ä»¥ä¸ºæ˜¯å†…å®¹å‡ºé—®é¢˜è¢«æš‚æ—¶ä¸‹æ¶æ•´æ”¹äº†ã€‚ç»“æœæ˜¨å¤©çœ‹åˆ°æ–°é—»ï¼Œå®˜æ–¹å®£å¸ƒåœè¿äº†ä¸è¿‡è¿™ä¸‹æˆ‘ä»¬è·ç¦»æ€§èƒ½top1åˆè¿‘äº†ä¸€æ­¥[doge]å‡ å¹´å‰ Vue è¿˜æ˜¯æŒºç«çš„ï¼Œæˆ‘æœ€æ—©å°è¯•æ‰‹æœºå‰ªè¾‘ä¹Ÿæ˜¯ç”¨çš„å®ƒã€‚å› ä¸ºå¯ä»¥å¤šæ®µå½•åˆ¶ï¼Œæ‹¼æ¥å‰ªè¾‘éƒ½æ¯”è¾ƒç®€å•ï¼Œåˆæ˜¯åœ¨æ‰‹æœºä¸Šæ“ä½œçš„ï¼ŒæŠŠè§†é¢‘å‰ªè¾‘é—¨æ§›å¤§å¤§é™ä½ï¼Œå¸å¼•äº†ä¸å°‘ç”¨æˆ·ã€‚å¯æƒœæ²¡èƒ½è¿›ä¸€æ­¥çªç ´ï¼ŒæŠŠç›˜å­æå¤§ï¼Œç°åœ¨æˆäº†å°ä¼—åœˆå­è€Œå®ƒçš„åŸå…¬å¸å‰ä¸¤å¹´æ˜¯è¢«txæ”¶äº†ï¼Œç°åœ¨ä¼°è®¡æ˜¯è¢«ã€Œå»è‚¥å¢ç˜¦ã€äº†å§å¬è¯´æœ€è¿‘txè£å¾—è¿˜æŒºç‹ çš„ï¼Œä¸çŸ¥é“æ˜¯ä¸æ˜¯ä¹Ÿå’Œè¿™ä¸ªæœ‰å…³ã€‚#æ—¥å¸¸ç¢ç‰‡PLOG #ç¬”è®°çµæ„Ÿ #æ·±åœ³ #èŒåœº #èŒåœºæ—¥å¸¸ #å­—èŠ‚è·³åŠ¨ #VUE #APP,https://sns-avatar-qc.xhscdn.com/avatar/625fa4f743e7e85ce8e3411c.jpg?imageView2/1/w/540/format/jpg,åå·æ–—å£«çŸ³çŸ³çŸ³,å‘å¸ƒäº 2022-07-02 13:34,3848,9,æµ·å—,vue,//ci.xiaohongshu.com/02da2a43-4341-3cbe-0457-1e94ac1ad292?imageView2/2/w/1080/format/jpg,"[{""commentAvatar"": ""https://sns-avatar-qc.xhscdn.com/avatar/6268205bfeb79e9cc2a35f74.jpg?imageView2/2/w/80/format/jpg"", ""commentUserName"": ""\u5b89\u4e1c\u5c3c"", ""commentTime"": ""07-02"", ""commentContent"": ""\u5f88\u597d\u7528\u5440\u8fd9\u4e2a\ud83d\ude02\u5c45\u7136\u505c\u6b62\u4e86 \u4e0d\u8fc7\u8fd9\u4e00\u4e24\u5e74\u786e\u5b9e\u6ca1\u7528\u8fc7 \u90fd\u5728\u7528\u526a\u6620\u4e86""}, {""commentAvatar"": ""https://sns-avatar-qc.xhscdn.com/avatar/60666b3a3bcb1c95f44140fb.jpg?imageView2/2/w/80/format/jpg"", ""commentUserName"": ""To Someone"", ""commentTime"": ""07-02"", ""commentContent"": ""\u73b0\u5728\u5e94\u8be5\u505a\u79d2\u526a\u4e86""}, {""commentAvatar"": ""https://sns-avatar-qc.xhscdn.com/avatar/6088de89e86f1ff0e9555eea.jpg?imageView2/2/w/80/format/jpg"", ""commentUserName"": ""\u7eb9\u7eb9\u5b50"", ""commentTime"": ""07-03"", ""commentContent"": ""\u8fd9\u4e2a\u56e2\u961f\u505a\u79d2\u526a\u4e86""}, {""commentAvatar"": ""https://sns-avatar-qc.xhscdn.com/avatar/6094daa018c2a990afefec96.jpg?imageView2/2/w/80/format/jpg"", ""commentUserName"": ""\u95f9\u62ec\uff1f\uff1f"", ""commentTime"": ""07-05"", ""commentContent"": ""\u4e0d\u61c2\u54ce\uff01\u8fd9\u4e48\u597d\u7528\u7684\u8f6f\u4ef6\u4e3a\u4f55\u505c\u6b62\u8fd0\u8425\uff0c\u6211\u8fd8\u86ee\u559c\u6b22\u7684""}, {""commentAvatar"": ""https://sns-avatar-qc.xhscdn.com/avatar/6213b1dfa948ccdd8c8e8fbb.jpg?imageView2/2/w/80/format/jpg"", ""commentUserName"": ""\u963f\u83dc\u963f\u83dc"", ""commentTime"": ""07-04"", ""commentContent"": ""\u526a\u6620\u771f\u7684\u725b\u2026\u8fd8\u6709\u8499\u7248\u3002vue\u6700\u5f00\u59cb\u7528\u8fc7\uff0c\u540e\u6765\u4e0d\u77e5\u9053\u4e86\uff5e""}]",0
https://www.xiaohongshu.com/discovery/item/629f4063000000001d0189a9,javaï¼Œvueï¼Œspringbootå‰ååˆ†ç¦»çš„ä½œä¸šæŸ¥é‡ç³»ç»Ÿæ¯•ä¸šè®¾è®¡å‡ºå”®ï¼Œæºç 50å¼ å‡º#æ¯•ä¸šè®¾è®¡ #è®¡ç®—æœºæ¯•ä¸šè®¾è®¡ #ç®¡ç†ç³»ç»Ÿ #java #vue #ä½œä¸šæŸ¥é‡ç³»ç»Ÿ #ç¨‹åºå‘˜ #ç¨‹åºåª›,https://sns-avatar-qc.xhscdn.com/avatar/62aee932a4c9a6cf549889dc.jpg?imageView2/1/w/540/format/jpg,åœ¨èŒå‰ç«¯å·¥ç¨‹å¸ˆ|åœ¨çº¿ç­”ç–‘,å‘å¸ƒäº 2022-06-07 20:11,2099,10,ç¦å»º,vue,"https://gimg2.baidu.com/image_search/src=http%3A%2F%2Fi1.hdslb.com%2Fbfs%2Farchive%2F8faf492337fbdc3443236de7fe45ba12676a3ba4.png&refer=http%3A%2F%2Fi1.hdslb.com&app=2002&size=f9999,10000&q=a80&n=0&g=0n&fmt=auto?sec=1658999944&t=2c0ccab841f5812bef3fb6b8ff831f7c","[{""commentAvatar"": ""https://sns-avatar-qc.xhscdn.com/avatar/5d90bb520000000001007a87.jpg?imageView2/2/w/80/format/jpg"", ""commentUserName"": ""__M \u304b\u7b2c\u4e09\u4eba\u79f0"", ""commentTime"": ""07-16"", ""commentContent"": ""\u6c42""}]",http://v.xiaohongshu.com/pre_post/01e29f3fea6bec5e01837003813e14afde_259.mp4?sign=c9facb4fcc5b0fce70a58c4343ea05d2&t=62e55580
https://www.xiaohongshu.com/discovery/item/5e53282f000000000100329f,1.Visual Studio Codeç®€ç§°VS Code2.å®‰è£…æ’ä»¶open in browserï¼šæµè§ˆå™¨æ’ä»¶ã€‚ç”¨äºè®¿é—®htmlé¡µé¢ï¼Œä½¿ç”¨Alt+Bå³å¯ç”¨é»˜è®¤æµè§ˆå™¨æ‰“å¼€å½“å‰çš„htmlé¡µé¢ï¼Œä½¿ç”¨Shift+Alt+Bå¯é€‰æ‹©å…¶ä»–æµè§ˆå™¨Veturï¼šè¯­æ³•é«˜äº®Auto Rename Tagï¼šè‡ªåŠ¨å®Œæˆå¦ä¸€ä¾§æ ‡ç­¾çš„åŒæ­¥ä¿®æ”¹Path Intellisenseï¼šè‡ªåŠ¨è¡¥å…¨è·¯å¾„Html CSS Supportï¼šè®©htmlæ ‡ç­¾ä¸Šå†™CSSæ ·å¼æ—¶ï¼Œæ™ºèƒ½æç¤ºå½“å‰é¡¹ç›®æ‰€æ”¯æŒçš„æ ·å¼ï¼Œå®‰è£…åæœ‰å¿«æ·æç¤º3.è®¾ç½®è‡ªåŠ¨ä¿å­˜åŠŸèƒ½Fileâ†’Auto Save4.è®¾ç½®å­—ä½“å¤§å°Fileâ†’Preferencesâ†’Settingsï¼ˆå¿«æ·é”®Ctrl+ï¼Œï¼‰5.å¸¸ç”¨å¿«æ·é”®ï¼ˆ1ï¼‰Ctrl+Gï¼šè¾“å…¥è¡Œå·å¯è·³è½¬è‡³æŒ‡å®šçš„è¡Œï¼ˆ2ï¼‰!+Tabï¼šåœ¨ç©ºç™½htmlé¡µé¢è¾“å…¥ï¼Œå¯ç”Ÿæˆhtmlæ¨¡æ¿é¡µé¢ï¼ˆ3ï¼‰Shift+Alt+Fï¼šæ ¼å¼åŒ–ä»£ç ï¼ˆ4ï¼‰Ctrl+/ï¼šå•è¡Œæ³¨é‡Šï¼ˆ5ï¼‰Shift+Alt+Aï¼šå¤šè¡Œæ³¨é‡Šï¼ˆ6ï¼‰Alt+up|downï¼šç§»åŠ¨å½“å‰è¡Œï¼ˆ7ï¼‰Shift+Alt+up|downï¼šå¤åˆ¶å½“å‰è¡Œï¼ˆ8ï¼‰Ctrl+Bï¼šæ˜¾ç¤ºéšè—å·¦ä¾§å·¥å…·æ ï¼ˆ9ï¼‰Shift+Ctrl+Kï¼šåˆ é™¤å½“å‰è¡Œï¼ˆ10ï¼‰Ctrl+~ï¼šæ§åˆ¶å°ç»ˆç«¯æ˜¾ç¤ºä¸éšè—ï¼ˆ11ï¼‰F2ï¼šé‡å‘½åæ–‡ä»¶åï¼ˆ12ï¼‰Alt+Shiftï¼šå¯åŒæ—¶é€‰ä¸­å¤šè¡Œ6.gitç‰ˆæœ¬æ§åˆ¶ã€deBugè°ƒè¯• è§è¯¾æ—¶10,https://sns-avatar-qc.xhscdn.com/avatar/5e56535eec7d63000104918c.jpg?imageView2/1/w/540/format/jpg,ç«¹æ—ï¼ˆå‘¨æ—ï¼‰,å‘å¸ƒäº 2020-02-24 09:34,6420,9,ç¦å»º,vue,//ci.xiaohongshu.com/146142ac-62e8-3829-96bc-c3a6c226e1fb?imageView2/2/w/1080/format/jpg,"[{""commentAvatar"": ""https://sns-avatar-qc.xhscdn.com/avatar/626ffac338ff28e058533296.jpg?imageView2/2/w/80/format/jpg"", ""commentUserName"": ""\ud83c\udfa8pink"", ""commentTime"": ""\u4eca\u5929 11:21"", ""commentContent"": ""\u8fd9\u8fd8\u9700\u8981\u5b89\u88c5\u5305\uff1f""}, {""commentAvatar"": ""https://sns-avatar-qc.xhscdn.com/avatar/61cba7a83f2f8ad1f4b29481.jpg?imageView2/2/w/80/format/jpg"", ""commentUserName"": ""\u5bfb\u5979"", ""commentTime"": ""07-24"", ""commentContent"": ""\u6211\u4ee3\u7801\u63d0\u793a\u7279\u6162\u548b\u56de\u4e8b\u6709\u65f6\u5019\u4e09\u56db\u79d2\uff0c\u6709\u65f6\u5019\u5341\u591a\u79d2\u90fd\u4e0d\u51fa\u6765""}, {""commentAvatar"": ""https://sns-avatar-qc.xhscdn.com/avatar/614c2cad000000001f03fd07.jpg?imageView2/2/w/80/format/jpg"", ""commentUserName"": ""\u505a\u4e00\u4e2a\u5feb\u4e50\u7684div"", ""commentTime"": ""04-01"", ""commentContent"": ""VScode \u63d2\u4ef6\u8fd8\u53ef\u4ee5\u6253\u9b42\u6597\u7f57(\u6478\u9c7c\u4e13\u7528[doge])""}, {""commentAvatar"": ""https://sns-avatar-qc.xhscdn.com/avatar/620be1dc86d89b03892dada7.jpg?imageView2/2/w/80/format/jpg"", ""commentUserName"": ""\u6e21 \u9d09"", ""commentTime"": ""03-18"", ""commentContent"": ""\u6c42\u5b89\u88c5\u5305""}, {""commentAvatar"": ""https://sns-avatar-qc.xhscdn.com/avatar/6276392d25da47d070cf6657.jpg?imageView2/2/w/80/format/jpg"", ""commentUserName"": ""\u8425\u517b\u5feb\u7ebf"", ""commentTime"": ""03-08"", ""commentContent"": ""\u6211\u6709\u5b89\u88c5\u5305""}]",0
https://www.xiaohongshu.com/discovery/item/628188e40000000021038d89,ç®€å•çš„åå°ç®¡ç†ç³»ç»Ÿï¼Œæµ…æµ…çš„ç”¨äº†ä¸‹vue,https://sns-avatar-qc.xhscdn.com/avatar/7121a416be8e543266fd62c1cc9d575e.jpg?imageView2/1/w/540/format/jpg,å°çº¢è–¯311FBF5C,å‘å¸ƒäº 2022-05-16 07:12,9566,10,é»‘é¾™æ±Ÿ,vue,"//ci.xiaohongshu.com/0a59edd6-08cd-0d73-5298-22fd6fc093df?imageView2/2/w/1080/format/jpg,//ci.xiaohongshu.com/061d72a8-74b2-764f-3d34-1f92fe669c41?imageView2/2/w/1080/format/jpg,//ci.xiaohongshu.com/08b62515-b11e-7b15-6d2c-89455ffeb393?imageView2/2/w/1080/format/jpg,//ci.xiaohongshu.com/451053f1-cfc4-617c-c4b2-5917285a7e62?imageView2/2/w/1080/format/jpg,//ci.xiaohongshu.com/2af07054-5910-0aff-aaea-5ff7391f2c50?imageView2/2/w/1080/format/jpg,//ci.xiaohongshu.com/1843161e-6f94-aae8-c742-db9ec27f49f5?imageView2/2/w/1080/format/jpg,//ci.xiaohongshu.com/b202d364-5692-82a8-0a90-528767fec45b?imageView2/2/w/1080/format/jpg,//ci.xiaohongshu.com/c772154e-fe7c-941a-fcab-0306845eb575?imageView2/2/w/1080/format/jpg,//ci.xiaohongshu.com/94271a95-c726-d19a-a714-7eec2b4d7b6d?imageView2/2/w/1080/format/jpg","[{""commentAvatar"": ""https://sns-avatar-qc.xhscdn.com/avatar/5aa382e64eacab2449da2b4c.jpg?imageView2/2/w/80/format/jpg"", ""commentUserName"": ""\u5c0f\u674e\u8981\u81ea\u4fe1"", ""commentTime"": ""06-16"", ""commentContent"": ""\u7403\u4e00\u4efd\u6e90\u7801 \u60f3\u5b66\u4e60""}, {""commentAvatar"": ""https://sns-avatar-qc.xhscdn.com/avatar/628c566fec33495e238e817d.jpg?imageView2/2/w/80/format/jpg"", ""commentUserName"": ""\u55ef\u54fc"", ""commentTime"": ""07-17"", ""commentContent"": ""\u6709\u53e5\u8bdd\u4e0d\u77e5\u9053\u5f53\u8bb2\u4e0d\u5f53\u8bb2""}, {""commentAvatar"": ""https://sns-avatar-qc.xhscdn.com/avatar/5e5e6ff20000000001009543.jpg?imageView2/2/w/80/format/jpg"", ""commentUserName"": ""\u5c0f\u5411"", ""commentTime"": ""07-06"", ""commentContent"": ""\u6c42""}, {""commentAvatar"": ""https://sns-avatar-qc.xhscdn.com/avatar/6051c57e809d8634f0209374.jpg?imageView2/2/w/80/format/jpg"", ""commentUserName"": ""\u7396\u516e\uff5e\u50bb\u4e2b\u5934\uff5e"", ""commentTime"": ""06-14"", ""commentContent"": ""\u6c42\u4e00\u4efd\u6e90\u7801""}, {""commentAvatar"": ""https://sns-avatar-qc.xhscdn.com/avatar/620fd3a46383a015096f539d.jpg?imageView2/2/w/80/format/jpg"", ""commentUserName"": ""\u8393\u9171\u718a"", ""commentTime"": ""\u6628\u5929 23:42"", ""commentContent"": ""\u6c42""}]",0
https://www.xiaohongshu.com/discovery/item/5ef497f00000000001005882,"é¦–å…ˆæˆ‘ä¹‹å‰å¹¶ä¸ä¼švue, ä½†æ˜¯æˆ‘åˆéå¸¸æƒ³å­¦ï¼Œæˆ‘çŸ¥é“å­¦ä¹ çš„æœ€ä½³æ–¹æ³•å°±æ˜¯å®è·µï¼ä½†æ˜¯å…¬å¸ä¸ç”¨vueä¹Ÿæ²¡äººä¼švueã€‚æˆ‘æƒ³åˆ°äº†è‡ªå·±ç»™è‡ªå·±ä¸€ä¸ªå®è·µæœºä¼šï¼Œå…¬å¸æ­£å¥½æœ‰ä¸€ä¸ªç´§æ€¥çš„é¡¹ç›®è¦æ±‚1ä¸ªæœˆåšå®Œã€‚æˆ‘æ±‡æŠ¥ç»™é¢†å¯¼è¯´é€‚åˆç”¨vueå¿«é€Ÿå¼€å‘ï¼Œå¹¶ä¸”æ±‡æŠ¥è¯´è‡ªå·±å·²ç»æŒæ¡äº†vueï¼Œäºæ˜¯é¢†å¯¼æŠŠè¿™ä¸ªé¡¹ç›®ç»™æˆ‘è®©æˆ‘ç”¨vueåšã€‚å®è·µæ˜¯ä¸€ä¸ªå¼ºçƒˆçš„å­¦ä¹ å‚¬åŒ–å‰‚ï¼Œåšç¬¬ä¸€ä¸ªä¸Šçº¿çš„vueé¡¹ç›®çš„è¿‡ç¨‹éå¸¸ç—›è‹¦ï¼Œå› ä¸ºä¸å¤§ä¼šï¼Œè¸©äº†ä¸å°‘å‘ï¼Œç»å¸¸å‘å¾—æˆ‘éƒ½å¿«æ”¾å¼ƒäº†ï¼Œä½†æœ€ç»ˆéƒ½çˆ¬å‡ºæ¥äº†ï¼Œç»è¿‡è¿™ä¸ªé¡¹ç›®æˆ‘ç»ˆäºå…¥äº†vueçš„å¤§é—¨ã€‚æ‰€ä»¥ï¼Œä¸€å®šè¦ç»™è‡ªå·±ç”¨èµ·æ¥å¹¶äº§ç”Ÿä»·å€¼çš„æœºä¼šï¼Œæ²¡æœ‰å°±å»åˆ›é€ è¿™ç§æœºä¼šï¼Œå®ƒä¼šæ¯”çœ‹ä»»ä½•å¤§ç‰›çš„è§†é¢‘éƒ½æœ‰ç”¨ã€‚å› ä¸ºå®è·µè¿‡çš„ä¸œè¥¿æ‰ä¼šçœŸæ­£æŒæ¡ã€‚ğŸä¸‹æ¬¡å†è¯´è¯´æˆ‘å¿«é€Ÿå­¦ä¹ æ­å»ºgulpè„šæ‰‹æ¶çš„æ–¹æ³•ã€‚",https://sns-avatar-qc.xhscdn.com/avatar/624a619be8363e802e3521e7.jpg?imageView2/1/w/540/format/jpg,å‰ç«¯å°è™¾,å‘å¸ƒäº 2020-06-25 20:26,6301,10,é™•è¥¿,vue,//ci.xiaohongshu.com/bb7ac7f8-53cf-35ca-b7c7-331ab9f9727f?imageView2/2/w/1080/format/jpg,"[{""commentAvatar"": ""https://sns-avatar-qc.xhscdn.com/avatar/5ccfbb69e9c56f000101b17d.jpg?imageView2/2/w/80/format/jpg"", ""commentUserName"": ""MJ\u662f\u6b4c\u738b"", ""commentTime"": ""2021-08-29"", ""commentContent"": ""\u54c8\u54c8\uff0c\u6211\u4e5f\u662f\u8f6c\u524d\u7aef\u7684\uff0c\u521a\u5b66vue\u4e5f\u5f88\u75db\u82e6\uff0c\u53bb\u65b0\u90e8\u95e8\u524d\u5f88\u5fd0\u5fd1\uff0c\u627e\u4e86\u4e00\u4e2a\u7279\u522b\u77ed\u7684\u5b66\u4e60\u89c6\u9891\u770b\u4e86\u4e00\u5929\uff0c\u5dee\u4e0d\u591a\u660e\u767dvue\u5927\u81f4\u6709\u54ea\u4e9b\u4e1c\u897f\u4e86\uff0c\u521a\u5230\u65b0\u90e8\u95e8\uff0c\u7ec4\u957f\u770b\u6211\u4e00\u95ee\u4e09\u4e0d\u77e5\u5c31\u8ba9\u6211\u81ea\u8d39\u4e70\u4e2a\u79fb\u52a8\u7aef\u9879\u76ee\u5728\u6398\u91d1\u91cc\u9762\u7167\u7740\u5b66\uff0c\u968f\u540e\u6254\u7ed9\u4e86\u6211\u4e00\u4e2a\u9879\u76ee\u539f\u578b\u53eb\u6211\u7ed8\uff0c\u540e\u6765\u53c8\u8ba9\u6211\u5199\u8fc7ie8\uff0c\u518d\u540e\u6765\u6709\u4e2a\u5927\u9879\u76ee\u7684\u67d0\u67d0\u51e0\u4e2a\u9875\u9762\u6539\u9020\u7684\u9700\u6c42\uff0c\u5230\u73b0\u5728\u534a\u5e74\u8fc7\u53bb\u81ea\u5df1\u63a5\u4e86\u4e00\u4e2a\u95e8\u6237\u7cfb\u7edf+\u591a\u4e2a\u7cfb\u7edf\u7684\u7ef4\u62a4\u5347\u7ea7\uff0c\u5f53\u521d\u63a5\u8fd9\u4e2a\u9879\u76ee\u9886\u5bfc\u8fd8\u8bf4\u8fd9\u4e2a\u5f88\u6709\u6311\u6218\uff0c\u4f60\u80fd\u4e0d\u80fd\u6491\u8d77\u6765\uff0c\u6211\u58ee\u4e86\u58ee\u80c6\u5b50\u5e94\u4e0b\u6765\uff0c\u76ee\u524d\u975e\u5e38\u987a\u5229\u6240\u4ee5\u4eba\u8fd8\u662f\u8981\u8df3\u51fa\u8212\u9002\u5708\u903c\u81ea\u5df1\u4e00\u628a\u624d\u884c\u7684""}, {""commentAvatar"": ""https://sns-avatar-qc.xhscdn.com/avatar/7121a416be8e543266fd62c1cc9d575e.jpg?imageView2/2/w/80/format/jpg"", ""commentUserName"": ""\u54c4\u54c4toto"", ""commentTime"": ""2021-04-26"", ""commentContent"": ""\u5389\u5bb3\uff01\u6211\u4eec\u516c\u53f8\u4e5f\u662f\u4ea4\u7ed9\u6211\u4e00\u4e2a\u9879\u76ee\u7528Vue\uff0c\u4f46\u662f\u5df2\u7ecf\u5199\u7684\u5dee\u4e0d\u591a\u4e86\uff0c\u5bfc\u81f4\u6211\u73b0\u5728\u975e\u5e38\u75db\u82e6""}, {""commentAvatar"": ""https://sns-avatar-qc.xhscdn.com/avatar/5f39d82e000000000100727d.jpg?imageView2/2/w/80/format/jpg"", ""commentUserName"": ""\u5c0f\u7ea2\u85af5F39ED72"", ""commentTime"": ""2020-11-05"", ""commentContent"": ""\u4f60\u597d\u5c0f\u59d0\u59d0\uff0c\u6211\u662f\u4e00\u540d\u5927\u5b66\u751f\uff0c\u4e2a\u4eba\u6bd4\u8f83\u7231\u597d\u524d\u7aef\uff0c\u4f46\u50cf\u516c\u53f8\u7ea7\u7684\u9879\u76ee\u5f88\u5c11\u505a\uff0c\u6211\u5f88\u60f3\u505a\u4e00\u4e9b\uff0c\u8bf7\u95ee\u65b9\u4fbf\u5206\u4eab\u4e9b\u5c0f\u9879\u76ee\u7ed9\u6211\u7ec3\u7ec3\u4e0d""}]",0
https://www.xiaohongshu.com/discovery/item/61fe1c7a0000000021036a22,åæ ‡éƒ‘å·ï¼Œä¸¤å¹´ç»éªŒè‡ªå­¦å¦‚ä¸‹ğŸ‘‡ğŸ‘Š#JavaScript / #TypeScriptğŸ‘Š#vue 2/3ğŸ‘Š#å°ç¨‹åºå¼€å‘ğŸ‘Š#uniapp /#taro è·¨å¹³å°å¼€å‘ğŸ‘Š#svelteåç»­æ•´ç†è‡ªå­¦è·¯çº¿#webå‰ç«¯å­¦ä¹ ,https://sns-avatar-qc.xhscdn.com/avatar/6151e1a90722b5468618320c.jpg?imageView2/1/w/540/format/jpg,Xy,å‘å¸ƒäº 2022-02-05 14:43,6488,9,é¦™æ¸¯,vue,"//ci.xiaohongshu.com/ebac50f3-3ae6-a2f1-e7e5-e69559f02dac?imageView2/2/w/1080/format/jpg,//ci.xiaohongshu.com/bd3a1913-81d6-1752-a700-b427d4caf3a4?imageView2/2/w/1080/format/jpg,//ci.xiaohongshu.com/67d844e4-4d1d-53c0-2038-2469c1709166?imageView2/2/w/1080/format/jpg","[{""commentAvatar"": ""https://sns-avatar-qc.xhscdn.com/avatar/ae351b5abc78ae2e8d79998354db8440.jpg?imageView2/2/w/80/format/jpg"", ""commentUserName"": ""\u626c\u5e06\u8d77\u822a"", ""commentTime"": ""02-05"", ""commentContent"": ""\u5c4f\u5e55\u9694\u8fd9\u4e48\u8fdc\uff0c\u773c\u775b\u770b\u5f97\u6e05\u695a\u5417""}, {""commentAvatar"": ""https://sns-avatar-qc.xhscdn.com/avatar/62846c764a01f2fdbfdde3a2.jpg?imageView2/2/w/80/format/jpg"", ""commentUserName"": ""\u5c0f\u718a\u8f6f\u7cd6\u4e09\u5206\u751c"", ""commentTime"": ""02-05"", ""commentContent"": ""\u96f6\u57fa\u7840\u81ea\u5b66\u53ef\u4ee5\u5417""}, {""commentAvatar"": ""https://sns-avatar-qc.xhscdn.com/avatar/6078fc361d5cd5950e4fb890.jpg?imageView2/2/w/80/format/jpg"", ""commentUserName"": ""\ud83d\ude03"", ""commentTime"": ""02-05"", ""commentContent"": ""\u540c\u90d1\u5dde \u521a\u51c6\u5907\u8981\u5b66 \u65e0\u4ece\u4e0b\u624b""}, {""commentAvatar"": ""https://sns-avatar-qc.xhscdn.com/avatar/62d52193de0cbbf2d28f35ce.jpg?imageView2/2/w/80/format/jpg"", ""commentUserName"": ""\u5356\u753b\u7684\u5c0f\u59d1\u5a18"", ""commentTime"": ""07-16"", ""commentContent"": ""Svelte \u81ea\u5b66\u8def\u7ebf\u6709\u7684\u5206\u4eab\u5417""}, {""commentAvatar"": ""https://sns-avatar-qc.xhscdn.com/avatar/5b861613fcac4d0001e4270d.jpg?imageView2/2/w/80/format/jpg"", ""commentUserName"": """", ""commentTime"": ""06-27"", ""commentContent"": ""\u6709\u6ca1\u6709\u6587\u79d1\u751f\u81ea\u5b66\u7684""}]",0
https://www.xiaohongshu.com/discovery/item/62e266bf000000001b01f88d,[ç§è‰R]ä¸€ä¸ªå…³äºwebå‰ç«¯å®æˆ˜æ¡ˆä¾‹â€”åå°ç®¡ç†ç³»ç»Ÿé¡¹ç›®[æ˜ŸR] è§†é¢‘+æºç  [è‰è“R] 30åˆ†é’Ÿéƒ¨ç½²å®Œæˆæƒ³æå‰åšæœŸæœ«æ¯•è®¾æˆ–è€…å½“ç»ƒæ‰‹é¡¹ç›®çš„[çƒŸèŠ±R]å¯ä»¥å‚è€ƒä¸‹å™¢[çº¢ä¹¦R][çº¢ä¹¦R]#ç¼–ç¨‹ #æ¯•ä¸šè®¾è®¡ #vue #è®¡ç®—æœºæ¯•ä¸šè®¾è®¡ #å‰ç«¯é¡¹ç›®,https://sns-avatar-qc.xhscdn.com/avatar/625fae21540868c6b3c56548.jpg?imageView2/1/w/540/format/jpg,æœ‰è¶£çš„çµé­‚,å‘å¸ƒäº 2022-07-28 18:36,7212,10,æµ·å—,vue,//ci.xiaohongshu.com/10e4b319-a0c0-3dc3-d097-820e6c3b4245?imageView2/2/w/1080/format/jpg,"[{""commentAvatar"": ""https://sns-avatar-qc.xhscdn.com/avatar/d784fc20c996f3d2f39d034c404f234e.jpg?imageView2/2/w/80/format/jpg"", ""commentUserName"": ""Susiez"", ""commentTime"": ""\u4eca\u5929 08:54"", ""commentContent"": ""\u6c42\u6c42""}, {""commentAvatar"": ""https://sns-avatar-qc.xhscdn.com/avatar/0dd6f7e91ce0bea602fbc47515b7c72f.jpg?imageView2/2/w/80/format/jpg"", ""commentUserName"": ""\u5976\u6614\u8981\u9003\u547d"", ""commentTime"": ""\u6628\u5929 21:51"", ""commentContent"": ""\u6c42\u6c42""}, {""commentAvatar"": ""https://sns-avatar-qc.xhscdn.com/avatar/5aa63cb4db2e60239972ffe2.jpg?imageView2/2/w/80/format/jpg"", ""commentUserName"": ""\u8d85\u559c\u6b22"", ""commentTime"": ""\u6628\u5929 20:29"", ""commentContent"": ""\u6c42""}, {""commentAvatar"": ""https://sns-avatar-qc.xhscdn.com/avatar/6088b9a23768caea02a21a0e.jpg?imageView2/2/w/80/format/jpg"", ""commentUserName"": ""\u665a\u5b89"", ""commentTime"": ""\u6628\u5929 18:42"", ""commentContent"": ""\u6c42\u6c42""}, {""commentAvatar"": ""https://sns-avatar-qc.xhscdn.com/avatar/5d301dd37bc19e0001de7720.jpg?imageView2/2/w/80/format/jpg"", ""commentUserName"": ""\u66f9\u95cc"", ""commentTime"": ""\u4eca\u5929 07:42"", ""commentContent"": ""Vue 3\u561b\uff1f""}]",0
https://www.xiaohongshu.com/discovery/item/6265052f000000000102dd81,æˆ‘æ˜¯ä¸€ä¸ªæœ‰åå¹´å¼€ç»éªŒçš„è€ç¨‹åºçŒ¿ï¼Œåœ¨å…¬å¸å¾…è¿‡å¾ˆå¤šå®ä¹ ç”Ÿã€åº”å±Šç”Ÿï¼Œä¹Ÿå…¼èŒåœ¨å½“åŸ¹è®­è€å¸ˆå¸¦å­¦ç”Ÿï¼Œä»¥ä¸‹å†…å®¹åˆ†äº«ç»™å‡†å¤‡å­¦ä¹  Vue çš„ç«¥é‹ã€‚1ã€å¦‚æœ JavaScript è¿˜æ¯”è¾ƒä¸ç†Ÿç»ƒçš„è¯ï¼Œå…ˆèŠ±ä¸¤å‘¨çš„æ—¶é—´æŠŠ JavaScript å†æå‡ä¸€ä¸‹ï¼Œå»ºè®®ç›´æ¥çœ‹ ã€ŠJavaScripté«˜çº§ç¨‹åºè®¾è®¡ã€‹ï¼›2ã€çœ‹ Vue çš„å®˜æ–¹æ–‡æ¡£ï¼ŒVueçš„å®˜æ–¹æ–‡æ¡£å¯¹æˆ‘ä»¬ä¸­å›½äººå¾ˆå‹å¥½ï¼Œæ¯” React çš„æ–‡æ¡£è¦æ›´å‹å¥½ä¸€äº›ï¼ŒåŸºæœ¬ä¸Šæ¥è¿‘å¤§ç™½è¯äº†ã€‚ç›´æ¥æ–°å»ºä¸€ä¸ª HTMLï¼Œç„¶åå¼•å…¥ Vueï¼Œå¼€å§‹å­¦ä¹ åŸºç¡€ç”¨æ³•ã€‚è¿™é‡Œå¼ºè°ƒä¸€ä¸‹ï¼šä¸€å¼€å§‹å­¦ä¹ çš„æ—¶å€™ä¸è¦ä½¿ç”¨ vue-cli åˆ›å»ºï¼Œå°¤å…¶æ˜¯åœ¨ä½ è¿˜ä¸ç†Ÿæ‚‰åŸºäº Node.js çš„æ„å»ºå·¥å…·æ—¶ï¼Œä¸è¦ç»™è‡ªå·±å¢åŠ å¤æ‚åº¦ï¼Œç›´æ¥åœ¨ script æ ‡ç­¾ä¸­å¼•å…¥å°±å¥½äº†ã€‚3ã€å­¦ä¹ åŸºç¡€è¯­æ³•çš„æ—¶å€™é‡ç‚¹æŠŠåŒå‘ç»‘å®šã€dataã€propsã€æ¡ä»¶ï¼ˆv-ifã€v-elseï¼‰ã€å¾ªç¯ï¼ˆv-forï¼‰ã€äº‹ä»¶å¤„ç†ã€è®¡ç®—å±æ€§ã€watchå…ˆå­¦ä¸€éï¼Œå­¦å®Œè¿™äº›ä¹‹åï¼Œå¯¹ Vue ç®—æ˜¯æœ‰ä¸€äº›äº†è§£äº†ï¼Œèƒ½å†™å‡ºæœ€åŸºæœ¬çš„ä»£ç äº†ã€‚4ã€æœ‰äº†ä»¥ä¸Šçš„åŸºç¡€ä¹‹åï¼Œå°±å¯ä»¥å¼€å§‹å­¦ä¹ ç»„ä»¶ã€æ’æ§½ç­‰å†…å®¹ï¼Œè¿™é‡Œä¸»è¦æ˜¯è¦äº†è§£ä¸€ä¸‹ç»„ä»¶åŒ–çš„æ€æƒ³ã€‚5ã€ä»æˆ‘å¸¦å­¦ç”Ÿçš„ç»éªŒæ¥çœ‹ï¼Œå­¦å®Œä¸Šé¢çš„å†…å®¹ï¼Œåº”è¯¥è¦ä¸¤å‘¨å·¦å³çš„æ—¶é—´ï¼Œæ¥ç€å°±å¯ä»¥ä½¿ç”¨ vue-cli å»å­¦ä¹ äº†ï¼Œè¿™ä¸ªè¿‡ç¨‹ä¸­éœ€è¦äº†è§£ä¸€ä¸‹ webpackï¼Œè‡³å°‘çŸ¥é“ loaderã€plugin æ˜¯ä»€ä¹ˆï¼Œå¯¹ .vue æ–‡ä»¶æ˜¯ç¼–è¯‘æˆ js æ–‡ä»¶è¦æœ‰æœ€åŸºæœ¬çš„äº†è§£ã€‚6ã€å¼€å§‹åšå°é¡¹ç›®ï¼Œæˆ‘ä¸€èˆ¬ä¼šå»ºè®®å…ˆåšä¸ª todo-listï¼Œåšè¿™ä¸ªå°é¡¹ç›®åŸºæœ¬ä¸Šå¯ä»¥æŠŠå­¦åˆ°çš„æ‰€æœ‰åŸºç¡€çŸ¥è¯†ç”¨ä¸Šå»ã€‚7ã€å­¦ä¹ ä¸€ä¸‹ axios æ˜¯æ€ä¹ˆç”¨çš„ï¼Œå…¬å¸é‡Œè‚¯å®šä¼šå¯¹ axios è¿›è¡Œä¸€å±‚å°è£…ï¼Œä¸è¿‡ä¸éš¾ã€‚8ã€è¿™æ—¶å€™å¯ä»¥è¿›è¡Œä¸šåŠ¡å¼€å‘äº†ï¼Œå†™ä¸€äº›åŸºç¡€çš„ä¸šåŠ¡ï¼Œç®€å•çš„ç»„ä»¶åº”è¯¥ä¸æˆé—®é¢˜äº†ã€‚å†™ä¸‰ä¸ªæœˆå·¦å³ï¼Œå¯ä»¥ç¨å¾®ç†Ÿç»ƒä¸€äº›äº†ã€‚9ã€ä½ å¤§æ¦‚ç‡æƒ…å†µä¸‹ä¼šç”¨å¼€æºçš„ç»„ä»¶åº“ï¼Œæ¯”å¦‚ Element UIã€IViewã€Ant Design Vueï¼Œä½ æœ‰ä¸€äº›ç»éªŒäº†ï¼Œåº”è¯¥å»å°è¯•çœ‹çœ‹ç»„ä»¶åº“çš„æºç ï¼Œç‰¹åˆ«æ˜¯å½“ä½ é‡åˆ°é—®é¢˜çš„æ—¶å€™ï¼Œå¸¦ç€é—®é¢˜å»çœ‹ç»„ä»¶åº“çš„æºç ï¼Œä½ åº”è¯¥å»å­¦ä¹ ä¸€ä¸‹è¿™ä¸ªç»„ä»¶æ˜¯æ€ä¹ˆå®ç°çš„ï¼Œå¯¹ç»„ä»¶æºç ç†Ÿæ‚‰äº†ï¼Œå¯¹ä½ åç»­é‡åˆ°é—®é¢˜çš„æ—¶å€™ä¼šæ›´æœ‰æ€è·¯ã€‚å­¦ä¹ é«˜æ‰‹æ˜¯æ€ä¹ˆå°è£…ç»„ä»¶çš„ï¼Œå¯¹ä½ çš„ä¸šåŠ¡å¼€å‘æœ‰æŒ‡å¯¼ä½œç”¨ã€‚#å‰ç«¯ #webå‰ç«¯å­¦ä¹  #è‡ªå­¦å‰ç«¯,https://sns-avatar-qc.xhscdn.com/avatar/5fcf5fede432c90001a513cb.jpg?imageView2/1/w/540/format/jpg,iceå‰ç«¯,å‘å¸ƒäº 2022-04-24 16:07,8631,9,é»‘é¾™æ±Ÿ,vue,//ci.xiaohongshu.com/49556905-0fd0-def7-604d-c10f9dc2c1e4?imageView2/2/w/1080/format/jpg,"[{""commentAvatar"": ""https://sns-avatar-qc.xhscdn.com/avatar/625adf9041f7f67dbd709581.jpg?imageView2/2/w/80/format/jpg"", ""commentUserName"": ""\u5173\u4e8e\u53ef\u7231."", ""commentTime"": ""05-03"", ""commentContent"": ""Html css Js\u9ad8\u7ea7\u548ch5 es6\u5b66\u5b8c\u5148\u4e0d\u5b66vue\u80fd\u627e\u5de5\u4f5c\u5417""}, {""commentAvatar"": ""https://sns-avatar-qc.xhscdn.com/avatar/6149756d5e271895e037dcce.jpg?imageView2/2/w/80/format/jpg"", ""commentUserName"": ""pppa"", ""commentTime"": ""04-25"", ""commentContent"": ""\u5b66\u4e86js\u57fa\u7840\u548c\u9ad8\u7ea7\uff0ces6\u57fa\u7840\u9ad8\u7ea7\uff0c\u53ef\u4ee5\u76f4\u63a5\u5b66vue\u5417""}, {""commentAvatar"": ""https://sns-avatar-qc.xhscdn.com/avatar/5eacedd30000000001005303.jpg?imageView2/2/w/80/format/jpg"", ""commentUserName"": ""little zomble"", ""commentTime"": ""04-24"", ""commentContent"": ""\u540c\u95ee""}, {""commentAvatar"": ""https://sns-avatar-qc.xhscdn.com/avatar/61c8202b826eb8dcb69c3795.jpg?imageView2/2/w/80/format/jpg"", ""commentUserName"": ""\u545c\u5636"", ""commentTime"": ""04-24"", ""commentContent"": ""\u5b66vue \u4e4b\u524d\u9664\u4e86Js \uff0c\u8fd8\u8981\u628a\u4ec0\u4e48\u5b66\u4e86\u554a\uff1f""}, {""commentAvatar"": ""https://sns-avatar-qc.xhscdn.com/avatar/62dd6ccd5814b6370c35aeca.jpg?imageView2/2/w/80/format/jpg"", ""commentUserName"": ""\u5c0f\u72d7\u5939\u9999\u83dc\ud83c\udf31"", ""commentTime"": ""05-20"", ""commentContent"": ""vue3 +ts\u600e\u4e48\u5b66 \u76ee\u524d\u57fa\u672c\u90fd\u5927\u6982\u5b66\u4e86\u4e00\u4e0b\u4f46\u662f\u611f\u89c9\u4e0d\u7cfb\u7edf\uff0c\u9a6c\u4e0a\u5c31\u8981\u7528\u4e86""}]",0
https://www.xiaohongshu.com/discovery/item/60eeb54900000000210394f5,ä¸€ã€v-showæŒ‡ä»¤å’Œv-ifæŒ‡ä»¤çš„åŒºåˆ«æ˜¯ä»€ä¹ˆï¼Ÿv-show ä»…ä»…æ§åˆ¶å…ƒç´ çš„æ˜¾ç¤ºæ–¹å¼ï¼Œå°† display å±æ€§åœ¨ block å’Œ none æ¥å›åˆ‡æ¢ï¼›è€Œv-ifä¼šæ§åˆ¶è¿™ä¸ª DOM èŠ‚ç‚¹çš„å­˜åœ¨ä¸å¦ã€‚å½“æˆ‘ä»¬éœ€è¦ç»å¸¸åˆ‡æ¢æŸä¸ªå…ƒç´ çš„æ˜¾ç¤º/éšè—æ—¶ï¼Œä½¿ç”¨v-showä¼šæ›´åŠ èŠ‚çœæ€§èƒ½ä¸Šçš„å¼€é”€ï¼›å½“åªéœ€è¦ä¸€æ¬¡æ˜¾ç¤ºæˆ–éšè—æ—¶ï¼Œä½¿ç”¨v-ifæ›´åŠ åˆç†ã€‚äºŒã€Vue template åˆ° render çš„è¿‡ç¨‹ï¼ˆ1ï¼‰è°ƒç”¨parseæ–¹æ³•å°†templateè½¬åŒ–ä¸ºastï¼ˆæŠ½è±¡è¯­æ³•æ ‘ï¼Œ abstract syntax treeï¼‰ï¼ˆ2ï¼‰å¯¹é™æ€èŠ‚ç‚¹åšä¼˜åŒ–ã€‚å¦‚æœä¸ºé™æ€èŠ‚ç‚¹ï¼Œä»–ä»¬ç”Ÿæˆçš„DOMæ°¸è¿œä¸ä¼šæ”¹å˜ï¼Œè¿™å¯¹è¿è¡Œæ—¶æ¨¡æ¿æ›´æ–°èµ·åˆ°äº†æå¤§çš„ä¼˜åŒ–ä½œç”¨ã€‚ï¼ˆ3ï¼‰ç”Ÿæˆæ¸²æŸ“å‡½æ•°. æ¸²æŸ“çš„è¿”å›å€¼æ˜¯VNodeï¼ŒVNodeæ˜¯Vueçš„è™šæ‹ŸDOMèŠ‚ç‚¹ï¼Œé‡Œé¢æœ‰ï¼ˆæ ‡ç­¾åï¼Œå­èŠ‚ç‚¹ï¼Œæ–‡æœ¬ç­‰ç­‰ï¼‰ä¸‰ã€Vueæ¨¡æ¿æ¸²æŸ“çš„åŸç†æ˜¯ä»€ä¹ˆï¼Ÿvueä¸­çš„æ¨¡æ¿templateæ— æ³•è¢«æµè§ˆå™¨è§£æå¹¶æ¸²æŸ“ï¼Œå› ä¸ºè¿™ä¸å±äºæµè§ˆå™¨çš„æ ‡å‡†ï¼Œä¸æ˜¯æ­£ç¡®çš„HTMLè¯­æ³•ï¼Œæ‰€æœ‰éœ€è¦å°†templateè½¬åŒ–æˆä¸€ä¸ªJavaScriptå‡½æ•°ï¼Œè¿™æ ·æµè§ˆå™¨å°±å¯ä»¥æ‰§è¡Œè¿™ä¸€ä¸ªå‡½æ•°å¹¶æ¸²æŸ“å‡ºå¯¹åº”çš„HTMLå…ƒç´ ï¼Œå°±å¯ä»¥è®©è§†å›¾è·‘èµ·æ¥äº†ï¼Œè¿™ä¸€ä¸ªè½¬åŒ–çš„è¿‡ç¨‹ï¼Œå°±æˆä¸ºæ¨¡æ¿ç¼–è¯‘ã€‚æ¨¡æ¿ç¼–è¯‘åˆåˆ†ä¸‰ä¸ªé˜¶æ®µï¼Œè§£æparseï¼Œä¼˜åŒ–optimizeï¼Œç”Ÿæˆgenerateï¼Œæœ€ç»ˆç”Ÿæˆå¯æ‰§è¡Œå‡½æ•°renderã€‚å››ã€Vueäº‹ä»¶ç»‘å®šåŸç†æ˜¯ä»€ä¹ˆï¼Ÿæ¯ä¸€ä¸ªVueå®ä¾‹éƒ½æ˜¯ä¸€ä¸ªEvent Busï¼Œå½“å­ç»„ä»¶è¢«åˆ›å»ºçš„æ—¶å€™ï¼Œçˆ¶ç»„ä»¶å°†äº‹ä»¶ä¼ é€’ç»™å­ç»„ä»¶ï¼Œå­ç»„ä»¶åˆå§‹åŒ–çš„æ—¶å€™æ˜¯æœ‰$onæ–¹æ³•å°†äº‹ä»¶æ³¨å†Œåˆ°å†…éƒ¨ï¼Œåœ¨éœ€è¦çš„æ—¶å€™ä½¿ç”¨$emitè§¦å‘å‡½æ•°ï¼Œè€Œå¯¹äºåŸç”Ÿnativeäº‹ä»¶ï¼Œä½¿ç”¨addEventListenerç»‘å®šåˆ°çœŸå®çš„DOMå…ƒç´ ä¸Šã€‚äº”ã€Vueä¸ºä½•éœ€è¦Virtual DOMï¼ˆè™šæ‹ŸDOMï¼‰ï¼Ÿï¼ˆ1ï¼‰å…·å¤‡è·¨å¹³å°çš„ä¼˜åŠ¿ï¼ˆ2ï¼‰æ“ä½œ DOM æ…¢ï¼Œjsè¿è¡Œæ•ˆç‡é«˜ã€‚æˆ‘ä»¬å¯ä»¥å°†DOMå¯¹æ¯”æ“ä½œæ”¾åœ¨JSå±‚ï¼Œæé«˜æ•ˆç‡ï¼ˆ3ï¼‰æå‡æ¸²æŸ“æ€§èƒ½å…­ã€Vue ä¸­çš„ axios æ˜¯ä»€ä¹ˆï¼Ÿæ˜“ç”¨ã€ç®€æ´ä¸”é«˜æ•ˆçš„httpåº“ï¼Œ æ”¯æŒnodeç«¯å’Œæµè§ˆå™¨ç«¯ï¼Œæ”¯æŒPromiseï¼Œæ”¯æŒæ‹¦æˆªå™¨ç­‰é«˜çº§é…ç½®ã€‚,https://sns-avatar-qc.xhscdn.com/avatar/61a841dffde6685e68a54ad7.jpg?imageView2/1/w/540/format/jpg,çˆ±å‡ºè€…çˆ±è¿”.,å‘å¸ƒäº 2021-07-14 17:58,4782,10,ç”˜è‚ƒ,vue,//ci.xiaohongshu.com/eca347f9-bbd6-2b68-c6b1-23efd8d7a811?imageView2/2/w/1080/format/jpg,"[{""commentAvatar"": ""https://sns-avatar-qc.xhscdn.com/avatar/62485f76204109c353755ec0.jpg?imageView2/2/w/80/format/jpg"", ""commentUserName"": ""\u742a\u742a\u575a\u6301\u575a\u6301\u518d\u575a\u6301"", ""commentTime"": ""2021-12-25"", ""commentContent"": ""vue\u642d\u5efa\uff0c\u7528webpack\u642d\u5efa\u548ccli\u642d\u5efa\u6709\u4ec0\u4e48\u4e0d\u540c\u5417\uff1f""}, {""commentAvatar"": ""https://sns-avatar-qc.xhscdn.com/avatar/5febebedfd25db2b19f4bbef.jpg?imageView2/2/w/80/format/jpg"", ""commentUserName"": ""\u51b0\u6c34\u91cc\u7684\u897f\u67da\u67e0\u6aac"", ""commentTime"": ""2021-12-20"", ""commentContent"": ""\u671f\u672b\u4f5c\u4e1a\u5f97\u7528\u8fd9\u4e2a\u8f6f\u4ef6\u6765\u5f04\uff0c\u5934\u75bc""}, {""commentAvatar"": ""https://sns-avatar-qc.xhscdn.com/avatar/5b10ac50b46c5d4b8bfe778d.jpg?imageView2/2/w/80/format/jpg"", ""commentUserName"": ""\u5c0f\u674e\u5c0f\u674e\u81ea\u5f8b\u5230\u5e95"", ""commentTime"": ""2021-07-21"", ""commentContent"": ""\u4eca\u5929\u9762\u8bd5\u95ee\u5230\u4e86\u7b2c\u4e00\u6761\uff0c\u7279\u6765\u611f\u8c22""}, {""commentAvatar"": ""https://sns-avatar-qc.xhscdn.com/avatar/6020704a0000000001007745.jpg?imageView2/2/w/80/format/jpg"", ""commentUserName"": ""\u4f59\u751f\u4e0d\u5c06\u5c31"", ""commentTime"": ""2021-10-18"", ""commentContent"": ""\u592a\u4e45\u6ca1\u7528\u4e86\uff0c\u5fd8\u8bb0vue\u4ec0\u4e48\uff0b\uff01\u51fa\u6765html\u6a21\u677f\u4e86\u3002""}]",0
https://www.xiaohongshu.com/discovery/item/6193956d000000002103b91e,"å°šç¡…è°·çš„Vueçš„å‰60é›†åŸºç¡€ï¼ˆå­¦ä¹ çš„å†…å®¹å¤§éƒ½æ˜¯APIï¼‰ï¼Œç»ˆäºå­¦å®Œäº†ï¼Œç„¶åå·²ç»è¿›å…¥äº†è„šæ‰‹æ¶,ç»„ä»¶çš„å­¦ä¹ é˜¶æ®µäº†å°šç¡…è°·çš„è¿™ä¸ªVueå­¦ä¹ è§†é¢‘çš„è¯ï¼Œå®ƒæ˜¯ç†è®ºåŸç†â•è¿ç”¨æ¥å­¦ä¹ ï¼Œè®²å¾—å¾ˆç»†å¾ˆç»†ï¼Œå°±æ˜¯ä¹Ÿå¾ˆç»•ï¼ˆå°±æ˜¯ä¼šåˆ—ä¸¾å‡ºå‡ ç§æ–¹æ³•ç»™ä½ ï¼Œç„¶åå†è·Ÿä½ è¯´æœ€å¥½çš„æ–¹æ³•ï¼‰æ¯”å¦‚è¯´70é›†çš„TodoListçš„æ¡ˆä¾‹çœŸçš„å­¦å¾—çœŸçš„å¥½æ™•â€¦â€¦ğŸŒšæˆ‘å¯èƒ½è¿˜å¾—å›å¤´ç†ä¸€ä¸‹æ¡ˆä¾‹çš„æ€è·¯ğŸ“’å­¦ä¹ ç¬”è®°çš„è¯ï¼Œç›®å‰æ˜¯æ²¡æœ‰äººæ€»ç»“æ•´ç†å‡ºæ¥çš„ï¼Œè§†é¢‘é‡Œè€å¸ˆéƒ½ä¼šæœ‰æ–‡å­—æ€»ç»“ï¼Œç„¶åæˆ‘æ˜¯éƒ½ä¼šè‡ªå·±æ•²ï¼Œæˆªå›¾è§†é¢‘é‡Œç„¶åå†çœ‹ç€æ•²ï¼ˆçœ‹å›¾è½¯ä»¶æ˜¯refï¼Œå¾ˆæ–¹ä¾¿ï¼Œæˆ‘æ˜¯ä¹‹å‰å­¦å»ºæ¨¡æ‹¿æ¥çœ‹å‚è€ƒå›¾çš„ï¼Œè¿˜æœ‰ï¼šæˆ‘ä¸æ˜¯å¹¿ï¼ï¼ï¼ï¼ï¼‰#åŠªåŠ›å˜ä¼˜ç§€ #webå‰ç«¯å­¦ä¹  #ç¨‹åºå‘˜",https://sns-avatar-qc.xhscdn.com/avatar/61d6e426363fc25429ffc26e.jpg?imageView2/1/w/540/format/jpg,FeyeW,å‘å¸ƒäº 2021-11-16 19:26,6080,9,é™•è¥¿,vue,"//ci.xiaohongshu.com/bb76655c-202c-d2ff-93cb-2dad71cf7cb2?imageView2/2/w/1080/format/jpg,//ci.xiaohongshu.com/e80234c5-147f-a656-0d85-45112aa3c6c6?imageView2/2/w/1080/format/jpg","[{""commentAvatar"": ""https://sns-avatar-qc.xhscdn.com/avatar/61d6e426363fc25429ffc26e.jpg?imageView2/2/w/80/format/jpg"", ""commentUserName"": ""FeyeW(\u4f5c\u8005)"", ""commentTime"": ""2021-11-16"", ""commentContent"": ""\u6d88\u6781\u7684\u8bc4\u8bba\u5220\u9664\u4e86\u575a\u5b9a\u76ee\u6807\uff0c\u6301\u7eed\u52aa\u529b""}, {""commentAvatar"": ""https://sns-avatar-qc.xhscdn.com/avatar/61c02f5f2f23b8757b0fcd63.jpg?imageView2/2/w/80/format/jpg"", ""commentUserName"": ""\u5c0fy\u4eca\u5929\u53c8\u6478\u9c7c"", ""commentTime"": ""2021-11-17"", ""commentContent"": ""\u8bb0\u5f97b\u7ad9\u4e0a\u6709\u4e2a\u59b9\u5b50\u505a\u5b66\u4e60\u76f4\u64adup\u4e3b\u7684\uff0c\u6bcf\u5929\u76f4\u64ad\u5199\u4f5c\u4e1a\uff0c\u7ed3\u679c\u8003\u4e0a\u4e86\u4e2d\u4e13""}, {""commentAvatar"": ""https://sns-avatar-qc.xhscdn.com/avatar/62698ddf4add634c0c9ba45c.jpg?imageView2/2/w/80/format/jpg"", ""commentUserName"": ""anf2011"", ""commentTime"": ""2021-11-16"", ""commentContent"": ""\u516b\u80a1\uff0c\u624b\u6495\u597d\u597d\u80cc[doge]\uff0c\u53cd\u53cd\u590d\u590d\u5c31\u662f\u90a3\u70b9\u4e1c\u897f\uff0c\u524d\u7aef\u5b66\u957f\u8def\u8fc7""}, {""commentAvatar"": ""https://sns-avatar-qc.xhscdn.com/avatar/5ff8ed6a28fd042ce4d70a45.jpg?imageView2/2/w/80/format/jpg"", ""commentUserName"": ""\u5341\u91cc\u516b\u6751\u77e5\u540d\u4fca\u540e\u751f"", ""commentTime"": ""2021-11-22"", ""commentContent"": ""\u52a0\u6cb9\uff01\u52a0\u6cb9\uff01\u6709\u88ab\u542f\u53d1\u5230\uff01\u6211\u4e00\u76f4\u5165\u95e8\u5165\u4e86\u597d\u591a\u5e74\uff0cJAVA\u3001\u524d\u7aef\u3001\u6d4b\u8bd5\u3001\u6570\u636e\u5206\u6790\u5168\u90fd\u5b66\u4e86\uff0c\u4e00\u5165\u95e8\u5c31\u653e\u5f03\u3002\u3002\u89c9\u5f97\u81ea\u5df1IT\u65b9\u9762\u771f\u7684\u4e0d\u5f00\u7a8d\u3002\u770b\u5230\u4f60\u7684\u8bb0\u5f55\uff0c\u6211\u53d1\u73b0\u4e4b\u524d\u5b66\u4e60\u8fd8\u662f\u592a\u6d6e\u8e81\uff0c\u6240\u4ee5\u6211\u51b3\u5b9a\u8981\u518d\u8bd5\u4e00\u6b21\uff0c\u4e5f\u8bb0\u5f55\u4e0b\u5b66\u4e60\u8fc7\u7a0b""}, {""commentAvatar"": ""https://sns-avatar-qc.xhscdn.com/avatar/6193a292192388fd73fa1623.jpg?imageView2/2/w/80/format/jpg"", ""commentUserName"": ""re"", ""commentTime"": ""2021-11-16"", ""commentContent"": ""\u52a0\u6cb9\uff0c\u6211\u624d\u521a\u5f00\u59cb\u770bpink\u8001\u5e08\u7684\u8bfe\uff0c\u52aa\u529b\u90fd\u4f1a\u6709\u56de\u62a5\u7684""}]",0
https://www.xiaohongshu.com/discovery/item/5e131b61000000000100a78c,ä¹‹å‰æœ‰å’Œå¤§å®¶åˆ†äº«æ€ä¹ˆä¸€ä¸ªäººæ‹vlogè¿™æ¬¡å’Œå¤§å®¶åˆ†äº«ä¸€ä¸‹åæœŸå‰ªè¾‘éƒ½æ˜¯æ¯”è¾ƒå®¹æ˜“ä¸Šæ‰‹çš„æ‰‹æœºå‰ªè¾‘appvideoleapè¿™ä¸ªæˆ‘æ¯”è¾ƒå¸¸ç”¨ï¼ŒåŠŸèƒ½ä¹Ÿæ¯”è¾ƒé½å…¨ï¼Œç”¨èµ·æ¥ä¹Ÿå¾ˆé¡ºæ‰‹ï¼Œæ··åˆå™¨ï¼Œè’™ç‰ˆæ˜¯å®ƒçš„ç‰¹è‰²ï¼Œå›¾ä¸­ä»‹ç»äº†ç”¨è¿™æ¬¾appæ€ä¹ˆå¯¼å…¥éŸ³ä¹çš„å‰ªæ˜ æˆ‘ä¹Ÿæ¯”è¾ƒå¸¸ç”¨çš„ä¸€æ¬¾ï¼Œå¥½å¤šåšä¸»æœ‰ç”¨è¿™æ¬¾ï¼ŒåŠŸèƒ½å¾ˆé½ã€‚èƒŒæ™¯é¢œè‰²ä¹Ÿæ²¡é‚£ä¹ˆäº®ï¼Œæˆ‘æ¯”è¾ƒå–œæ¬¢å®ƒçš„éŸ³æ•ˆï¼Œå°±æ˜¯è£å‰ªèµ·æ¥ä¸é‚£ä¹ˆé¡ºæ‰‹inshotinsä¸Šæ¯”è¾ƒç«çš„ä¸€æ¬¾appï¼Œå¨œæ¯”åŒæ¬¾è´´çº¸ï¼Œç‰¹è‰²æ˜¯è´´çº¸æ¯”è¾ƒå¯çˆ±é¢åŒ…è§†é¢‘åŠŸèƒ½æ¯”è¾ƒå°‘ï¼Œä½†æ˜¯è´´çº¸å¾ˆinsï¼Œå¯çˆ±ï¼Œä¹Ÿå¯ä»¥åŠ è¾¹æ¡†ï¼Œè¯†åˆ«å­—å¹•vueæ»¤é•œå¾ˆå¥½çœ‹ï¼Œè¿˜æœ‰çƒ­é—¨vlogå¼€å¤´ï¼Œæˆ‘æ¯”è¾ƒå–œæ¬¢å®ƒçš„æ ‡ç­¾å¤§ç‰‡å­—ä½“æ¯”è¾ƒé«˜çº§ï¼Œä¹Ÿæœ‰vlogè‡ªå¸¦æ¨¡ç‰ˆï¼Œè¿˜å¯ä»¥å­¦ä¹ å‰ªè¾‘è¯¾ç¨‹wideå¾ˆå¤šæ—ç™½å¯ä»¥æ·»åŠ ï¼Œå¾ˆæ–‡è‰ºï¼Œè¿˜èƒ½æ‹å‡ºç”µå½±æ„ŸçŒ«é¥¼æ·»åŠ æ ‡é¢˜å’Œå­—å¹•æ¯”è¾ƒæ–¹é¢ï¼Œä¹Ÿå¾ˆæœ‰é«˜çº§æ„Ÿ,https://sns-avatar-qc.xhscdn.com/avatar/5d479bc80e17a200014d517b.jpg?imageView2/1/w/540/format/jpg,å¥¶èŒ¶ä¸åŠ ç³–hhhh,å‘å¸ƒäº 2020-01-06 19:34,6544,9,åŒ—äº¬,vue,"//ci.xiaohongshu.com/dc2113c5-622d-5231-b8e9-8fe45c841e02?imageView2/2/w/1080/format/jpg,//ci.xiaohongshu.com/2ef99c5c-c07b-574c-a3da-16f6d487a8e3?imageView2/2/w/1080/format/jpg,//ci.xiaohongshu.com/2a0de595-42f2-5fb3-9a1b-8d2427c4e63a?imageView2/2/w/1080/format/jpg,//ci.xiaohongshu.com/8e135ac1-55c6-52aa-9ba2-bec075971f1e?imageView2/2/w/1080/format/jpg,//ci.xiaohongshu.com/59b92270-87f4-5ee0-a2ad-5c608d28a20c?imageView2/2/w/1080/format/jpg,//ci.xiaohongshu.com/23f4b1bb-cd94-5935-8796-a56b684f7901?imageView2/2/w/1080/format/jpg,//ci.xiaohongshu.com/f2d92069-8ca0-5fec-bbb4-1c4eae5e64ab?imageView2/2/w/1080/format/jpg,//ci.xiaohongshu.com/66de10fc-da79-51de-bf08-e31518e5a5a0?imageView2/2/w/1080/format/jpg,//ci.xiaohongshu.com/207b2b75-116e-5d5e-8f57-0cd25a058ee5?imageView2/2/w/1080/format/jpg","[{""commentAvatar"": ""https://sns-avatar-qc.xhscdn.com/avatar/5e97ecfcbc1ca90001c9f3e3.jpg?imageView2/2/w/80/format/jpg"", ""commentUserName"": ""\u5403\u6c49\u5821\u7684\u5c0f\u798f\u6ce5mio"", ""commentTime"": ""2020-01-06"", ""commentContent"": ""\u6211\u592a\u61d2\u4e86 \u4ec0\u4e48\u65f6\u5019\u624d\u80fd\u62cd\u7b2c\u4e00\u652fvlog\u5462""}, {""commentAvatar"": ""https://sns-avatar-qc.xhscdn.com/avatar/610f4eea55f0d146425c174d.jpg?imageView2/2/w/80/format/jpg"", ""commentUserName"": ""\u7626\u8f69xxx"", ""commentTime"": ""2020-01-06"", ""commentContent"": ""\u5929\u554a\uff01\uff01\u8fd9\u7bc7\u592a\u8d5e\u4e86\uff01\uff01\uff01\u8f9b\u82e6\u5c0f\u59d0\u59d0\u6574\u7406\u51fa\u6765""}, {""commentAvatar"": ""https://sns-avatar-qc.xhscdn.com/avatar/5dc8061ab298d30001aecdd5.jpg?imageView2/2/w/80/format/jpg"", ""commentUserName"": ""Nikita"", ""commentTime"": ""2020-01-06"", ""commentContent"": ""\u54ea\u4e2a\u662f\u514d\u8d39\u7684\u554a\uff1f""}, {""commentAvatar"": ""https://sns-avatar-qc.xhscdn.com/avatar/5e342539091ac00001c74214.jpg?imageView2/2/w/80/format/jpg"", ""commentUserName"": ""\u4ea5\u65f6Brandy"", ""commentTime"": ""2020-01-06"", ""commentContent"": ""\u5c0f\u59d0\u59d0\uff0c\u6211\u80fd\u95ee\u4e00\u4e0b\u6211\u62cd\u7684\u89c6\u9891\u539f\u672c\u662f\u6e05\u6670\u7684\uff0c\u4f46\u662f\u7528app\u526a\u8fc7\u540e\u5c31\u4e0d\u6e05\u6670\u4e86\u600e\u4e48\u529e\u561b""}, {""commentAvatar"": ""https://sns-avatar-qc.xhscdn.com/avatar/5dc6bf657e2991000112c764.jpg?imageView2/2/w/80/format/jpg"", ""commentUserName"": ""\u54c8\u54c8\u6a59"", ""commentTime"": ""2020-02-14"", ""commentContent"": ""\u6211\u60f3\u62cd\u65e5\u5e38\u4e00\u5929\uff0c\u7b2c\u4e00\u6b21\u62cd\uff0c\u63a8\u8350\u54ea\u4e2a\u5440""}]",0
https://www.xiaohongshu.com/discovery/item/62e2389c000000001c00bd02,#ç¨‹åºå‘˜   #ç§‘æŠ€   #React   #vue   #ç¼–ç¨‹   #æ²¡æƒ³åˆ°ä½ æ˜¯è¿™æ ·çš„ç¨‹åºå‘˜,https://sns-avatar-qc.xhscdn.com/avatar/62d2309874fa6e956d2cceae.jpg?imageView2/1/w/540/format/jpg,æ˜Ÿç¥ˆé…±,å‘å¸ƒäº 2022-07-28 15:19,1749,9,å†…è’™å¤,vue,"https://gimg2.baidu.com/image_search/src=http%3A%2F%2Fi1.hdslb.com%2Fbfs%2Farchive%2F8faf492337fbdc3443236de7fe45ba12676a3ba4.png&refer=http%3A%2F%2Fi1.hdslb.com&app=2002&size=f9999,10000&q=a80&n=0&g=0n&fmt=auto?sec=1658999944&t=2c0ccab841f5812bef3fb6b8ff831f7c",[],http://v.xiaohongshu.com/spectrum/01e2e236ae3d9356018370038243ae3fbf_259.mp4?sign=4b77a2bbe22f47d9fa87a745ca4a9189&t=62e55580
https://www.xiaohongshu.com/discovery/item/62e1413f000000001e0164d4,ç”¨åˆ°ç¬¬ä¸‰ä¸ªåœè¿çš„appâ€¦æŒºéš¾è¿‡çš„ï¼Œå¹³æ—¶ä¹ æƒ¯äº†è®°å½•ç”Ÿæ´»çš„åœ°æ–¹åˆå°‘äº†ä¸€ä¸ªï¼Œæ²¡åŠæ³•å›çœ‹äº†ã€‚,https://sns-avatar-qc.xhscdn.com/avatar/62bee1987a694455954c7467.jpg?imageView2/1/w/540/format/jpg,æˆ‘çš„å¥¶èŒ¶,å‘å¸ƒäº 2022-07-27 21:44,7986,9,å°æ¹¾,vue,"https://gimg2.baidu.com/image_search/src=http%3A%2F%2Fi1.hdslb.com%2Fbfs%2Farchive%2F8faf492337fbdc3443236de7fe45ba12676a3ba4.png&refer=http%3A%2F%2Fi1.hdslb.com&app=2002&size=f9999,10000&q=a80&n=0&g=0n&fmt=auto?sec=1658999944&t=2c0ccab841f5812bef3fb6b8ff831f7c",[],http://v.xiaohongshu.com/pre_post/01e2e140fa2ea6ca01837003823fe72dea_259.mp4?sign=5d3ac0dcb7e0a5ffd933e0f467c2d599&t=62e55580
https://www.xiaohongshu.com/discovery/item/62e14a0d000000001b0296cd,å¯ä»¥è¯´æ˜¯vueé‡Œé¢æ¯”è¾ƒå¤æ‚çš„åŠŸèƒ½ï¼Œæ¶‰åŠåˆ°vue-routeråŠ¨æ€æ·»åŠ æƒé™è·¯ç”±ï¼ŒvuexçŠ¶æ€ç®¡ç†çš„ä½¿ç”¨ï¼Œå¸¦å¤§å®¶ä¸€å¥ä¸€å¥æ‰“ä»£ç å®ç°ï¼Œå·²ç»å½•åˆ¶ä¸€éƒ¨åˆ†ï¼Œå½•åˆ¶å®Œæ¯•ä¼šå‘,https://sns-avatar-qc.xhscdn.com/avatar/61e7a082f8e4aa3865e2b038.jpg?imageView2/1/w/540/format/jpg,è®²ä¸å‡ºæ´’è„±,å‘å¸ƒäº 2022-07-27 22:22,9838,9,è¥¿è—,vue,"https://gimg2.baidu.com/image_search/src=http%3A%2F%2Fi1.hdslb.com%2Fbfs%2Farchive%2F8faf492337fbdc3443236de7fe45ba12676a3ba4.png&refer=http%3A%2F%2Fi1.hdslb.com&app=2002&size=f9999,10000&q=a80&n=0&g=0n&fmt=auto?sec=1658999944&t=2c0ccab841f5812bef3fb6b8ff831f7c",[],http://v.xiaohongshu.com/01e2e14a0d2ea7a70183700382400a3430_259.mp4?sign=ccae87bfc70ad3b1340ca0a977eb9832&t=62e55580
https://www.xiaohongshu.com/discovery/item/62ab330e000000002103fd63,å‰ç«¯ç»ƒæ‰‹é¡¹ç›®ï¼Œé‡‡ç”¨vue2 + elementUI + axios + element-china-area-data(ç”¨äºè·å–ä¸­å›½æ‰€æœ‰åŸå¸‚åç§°)ã€‚#webå‰ç«¯å­¦ä¹ ,https://sns-avatar-qc.xhscdn.com/avatar/5e997a5d8fbefa0001d6043d.jpg?imageView2/1/w/540/format/jpg,éª‘çš„å¢è¿½å®é©¬,å‘å¸ƒäº 2022-06-16 21:41,2803,9,è¥¿è—,vue,"//ci.xiaohongshu.com/ab3116f5-60b0-8cf4-a28f-8dfc794a3c1c?imageView2/2/w/1080/format/jpg,//ci.xiaohongshu.com/e7ef3f24-bf87-24b1-b811-096ebe9e8c03?imageView2/2/w/1080/format/jpg,//ci.xiaohongshu.com/6ab18c1c-dfa3-cbdf-d8da-7361d8a5a06f?imageView2/2/w/1080/format/jpg,//ci.xiaohongshu.com/457843aa-3026-6274-9a27-96e68ed2eeff?imageView2/2/w/1080/format/jpg,//ci.xiaohongshu.com/fcab516a-fa18-1065-db7d-78aa4c4645d7?imageView2/2/w/1080/format/jpg,//ci.xiaohongshu.com/c36f4800-efac-ed8d-7e1a-c4591110b386?imageView2/2/w/1080/format/jpg","[{""commentAvatar"": ""https://sns-avatar-qc.xhscdn.com/avatar/61bb14b7d0fd2d0ae4e9c823.jpg?imageView2/2/w/80/format/jpg"", ""commentUserName"": ""\u5587\u53ed"", ""commentTime"": ""06-22"", ""commentContent"": ""\u6c42\u5206\u4eab""}, {""commentAvatar"": ""https://sns-avatar-qc.xhscdn.com/avatar/62504b79ef030096f72df2a3.jpg?imageView2/2/w/80/format/jpg"", ""commentUserName"": ""\u5341\u67d2"", ""commentTime"": ""06-22"", ""commentContent"": ""\u5df2\u5173\u6ce8\u6c42\u5206\u4eab""}, {""commentAvatar"": ""https://sns-avatar-qc.xhscdn.com/avatar/62804abba50ad8df26f3ba08.jpg?imageView2/2/w/80/format/jpg"", ""commentUserName"": ""Nn"", ""commentTime"": ""07-27"", ""commentContent"": ""\u6c42\u5206\u4eab""}, {""commentAvatar"": ""https://sns-avatar-qc.xhscdn.com/avatar/6053804202944b59936a7973.jpg?imageView2/2/w/80/format/jpg"", ""commentUserName"": ""\u4f55\u4e5f"", ""commentTime"": ""07-27"", ""commentContent"": ""\u6c42\u5206\u4eab""}, {""commentAvatar"": ""https://sns-avatar-qc.xhscdn.com/avatar/62b099c8db7275c88106e0e7.jpg?imageView2/2/w/80/format/jpg"", ""commentUserName"": ""\u545c\u6602\u738b\uff08\u7814\u4e09\u8d76\u8bba\u6587\u7248\uff09"", ""commentTime"": ""07-26"", ""commentContent"": ""\u6c42\u5206\u4eab""}]",0
https://www.xiaohongshu.com/discovery/item/5b92ba9b07ef1c078c3ebe2f,ç»™å¤§å®¶å‡ºæˆ‘ä¸Šä¸€ç¯‡å°çº¢ä¹¦çš„æ•™ç¨‹ï¼Œç®€ç›´æ˜¯æ‡’äººçš„ç¦éŸ³ã€‚ã€VUEâ•WIDEã€‘æ¨èæŒ‡æ•°ï¼šğŸŒŸğŸŒŸğŸŒŸğŸŒŸğŸŒŸæ¨èæŒ‡æ•°ï¼šğŸŒŸğŸŒŸğŸŒŸğŸŒŸğŸŒŸVUEï¼šğŸ’œğŸ’›ğŸ’šğŸ’™å…¨ç½‘æœ€å¥½ç”¨çš„è§†é¢‘å‰ªåˆ‡æ‹¼æ¥ç¼–è¾‘å™¨ã€‚æ˜¯ä»»ä½•åæœŸå¥—å…¥æ¨¡ç‰ˆå‰çš„å‡†å¤‡å·¥ä½œå¿…å¤‡è½¯ä»¶ğŸ’œåŠŸèƒ½ï¼šå‰ªè¾‘ã€é…ä¹ã€è°ƒè‰²âš¡ï¸ç¬¬ä¸€æ­¥ï¼šæ‰“å¼€VUEå¯¼å…¥è§†é¢‘ï¼Œé€‰æ‹©å–œæ¬¢çš„è§†é¢‘orå›¾ç‰‡ï¼Œä¸€å…±å¯ä»¥é€‰4æ®µâš¡ï¸ç¬¬äºŒæ­¥ï¼šè¿›è¡Œè§†é¢‘ç·¨è¼¯ç”»é¢è°ƒèŠ‚ï¼Œè´´çº¸ï¼Œè¿˜æœ‰æ»¤é•œè¿™æ˜¯æˆ‘å¸¸ç”¨åˆ°çš„ï¼ŒæŒ‰ç…§è§†é¢‘è‡ªå·±å–œæ¬¢çš„é£æ ¼å»æ‰“é€ âš¡ï¸ç¬¬ä¸‰æ­¥ï¼šç”Ÿæˆè§†é¢‘ï¼Œç”Ÿæˆçš„æ—¶å€™ä¸è¦é€€å‡ºç”»é¢å“¦ï¼Œä¼šæœ‰æç¤ºçš„ã€‚âš¡ï¸è¿™æ ·æˆ‘ä»¬å°±å®Œæˆäº†VUEçš„æ“ä½œï¼Œæ¥ä¸‹æ¥æˆ‘ä»¬å­¦ä¹ WIDEWIDEï¼šğŸ’™ğŸ’šğŸ’›ğŸ’œæä¾›æ ©æ ©å¦‚ç”Ÿã€æ„Ÿè§‰çˆ†æ£šçš„æœ‰å£°åµŒå¥—æ¨¡ç‰ˆï¼Œç”¨è‹±æ–‡æ¨¡ç‰ˆæœ—è¯µå‡ºæ¥çš„å¥å­éå¸¸æœ‰æ„å¢ƒï¼æ˜¯åæœŸå¾®ç”µå½±åˆ¶ä½œçš„å¿…å¤‡ç¥å™¨ğŸ’™åŠŸèƒ½ï¼šåˆ›æ„è§†é¢‘ã€è°ƒè‰²ã€é…ä¹ã€è§†é¢‘é€Ÿåº¦ã€æ‹¼æ¥è§†é¢‘âš¡ï¸ç¬¬ä¸€æ­¥ï¼šæ‰“å¼€WIDEï¼Œä¸€æ‰“å¼€å°±æœ‰ç„•ç„¶ä¸€æ–°çš„æ„Ÿè§‰ï¼Œé‡Œé¢æœ‰å¾ˆå¤šè¶…ä¹æƒ³è±¡çš„è§†é¢‘ï¼Œæˆ‘ä»¬å¯ä»¥å…ˆæ¬£èµä¸€ç•ªâš¡ï¸ç¬¬äºŒæ­¥ï¼šçœ‹åˆ°å–œæ¬¢çš„è§†é¢‘ï¼Œå·¦ä¸Šè§’ä¼šæœ‰ï¼ˆç”¨ä»–çš„å£°éŸ³æ‹ï¼‰è¿™æ ·å°±å¯ä»¥ç”¨è¿™ä¸ªæ¿å—æ“ä½œè§†é¢‘äº†âš¡ï¸ç¬¬ä¸‰æ­¥ï¼šçœ‹ä¸åˆ°å–œæ¬¢çš„æ¿å—ï¼Œæˆ‘ä»¬å¯ä»¥ç‚¹å‡»å³ä¸Šè§’è§†é¢‘çš„å›¾æ ‡ï¼Œé‡Œé¢æœ‰å¾ˆå¤šæ ‡é¢˜å¯ä»¥é€‰æ‹©ï¼Œé€‰ä¸€ä¸ªå¿ƒä»ªçš„ä½œå“å°±å¯ä»¥å¼€å§‹äº†ï¼Œæˆ‘é€‰æ‹©çš„æ˜¯åŸå¸‚çš„æ ‡é¢˜ï¼Œè¶…å¿«æ„Ÿçš„æ¨¡å—âš¡ï¸ç¬¬å››æ­¥ï¼šç‚¹å‡»å¼€æ‹ï¼Œå·¦ä¸Šè§’æœ‰ä¸ªâ•å·ï¼Œæ˜¯å¯¼å…¥è§†é¢‘çš„æ„æ€ï¼Œæ»¤é•œï¼Œè§†é¢‘çš„å¿«æ…¢éƒ½å¯ä»¥è°ƒğŸ¨åªè¦ç†Ÿç»ƒï¼Œä¸€åˆ†é’Ÿå°±å¯ä»¥å‡ºæ¥ä¸€éƒ¨å±äºè‡ªå·±çš„å¾®ç”µå½±ï¼ŒæŠ€å·§å°±æ˜¯æ‹¼æ¥â•é€‰æ¨¡ç‰ˆã€‚ç”Ÿæ´»å¦‚è¯—å¦‚ç”»ï¼Œå€¼å¾—æˆ‘ä»¬å»åˆ›é€ ä¸€æ®µå°ç”µå½±è®°å½•ã€‚â€”ğŸŒ¿   ğŸ¦    ğŸ‰    ğŸ“    ğŸŒ¿â€”å¦‚æœä½ è§‰å¾—å¥½è¯·ä¸è¦åå•¬ä½ çš„æ‰‹æŒ‡ç‚¹èµ#è§†é¢‘è–¯ç¿»æˆ‘ç‰Œ #å¥½ç”¨Appæ¨è #å¥½ç”¨çš„è§†é¢‘åˆ¶ä½œapp #åˆ ä¸æ‰çš„app #è§äººä¸å¦‚å¥èº« #å¿…é¡»è¦å®‰åˆ©çš„å¥èº«åŠ¨ä½œ #è§†é¢‘è–¯ @å°çº¢å” @å¨±ä¹è–¯â‘â‘â‘ç¾å›¾â‘â‘â‘ã€1åˆ†é’Ÿã€‘ç¼–è¾‘å‡ºéœ‡æ’¼å…¨æœ‹å‹åœˆçš„å¾®ç”µå½±ğŸ¬,https://sns-avatar-qc.xhscdn.com/avatar/61fd2a00028a838fe9f803d1.jpg?imageView2/1/w/540/format/jpg,ç¿åƒä»Š,å‘å¸ƒäº 2018-09-08 01:51,2098,10,å°æ¹¾,vue,"//ci.xiaohongshu.com/7d32df45-b4f5-59d5-9585-938e95800655?imageView2/2/w/1080/format/jpg,//ci.xiaohongshu.com/1fd224bd-c93a-5c78-8698-abdc76a23650?imageView2/2/w/1080/format/jpg,//ci.xiaohongshu.com/2b1d1961-b3f2-5210-a7e1-4fd0eb3e7887?imageView2/2/w/1080/format/jpg,//ci.xiaohongshu.com/adee0a7d-dad6-56b6-ad6f-121ddef01cfc?imageView2/2/w/1080/format/jpg,//ci.xiaohongshu.com/93d9cc4c-6713-59ef-8d43-9b0d351e9687?imageView2/2/w/1080/format/jpg,//ci.xiaohongshu.com/790fd213-29a9-54da-a816-2bc0ed3a2a6e?imageView2/2/w/1080/format/jpg,//ci.xiaohongshu.com/b69aecb5-2e14-55ea-8764-a92eb1cb9cd8?imageView2/2/w/1080/format/jpg,//ci.xiaohongshu.com/bbf03926-c43d-507a-a9a1-045f6023ccb9?imageView2/2/w/1080/format/jpg,//ci.xiaohongshu.com/67815488-dc47-5800-8b12-953d1dee04fa?imageView2/2/w/1080/format/jpg","[{""commentAvatar"": ""https://sns-avatar-qc.xhscdn.com/avatar/5e1d598afd74ba00014aaa94.jpg?imageView2/2/w/80/format/jpg"", ""commentUserName"": ""\u5f20v"", ""commentTime"": ""2019-02-23"", ""commentContent"": ""wide\u600e\u4e48\u63d2\u5165\u81ea\u5df1\u60f3\u8981\u7684\u80cc\u666f\u97f3\u4e50\uff1f""}, {""commentAvatar"": ""https://sns-avatar-qc.xhscdn.com/avatar/5994444250c4b40f7f3f0cee.jpg?imageView2/2/w/80/format/jpg"", ""commentUserName"": ""Black\u5b83\u5a18"", ""commentTime"": ""2021-10-04"", ""commentContent"": ""\u4e3a\u4ec0\u4e48\u82f9\u679c\u4e0b\u4e0d\u4e86""}, {""commentAvatar"": ""https://sns-avatar-qc.xhscdn.com/avatar/5c45b9cf3802d900014202df.jpg?imageView2/2/w/80/format/jpg"", ""commentUserName"": ""loin \u8fdc\u65b9"", ""commentTime"": ""2019-02-02"", ""commentContent"": ""wide\u600e\u4e48\u63d2\u5165\u81ea\u5df1\u7684\u80cc\u666f\u97f3\u4e50 \u8c22\u8c22""}, {""commentAvatar"": ""https://sns-avatar-qc.xhscdn.com/avatar/627791e14c12e6fea6d41046.jpg?imageView2/2/w/80/format/jpg"", ""commentUserName"": ""\u82a5\u672b\u6709\u70b9\u9897\u7c92"", ""commentTime"": ""2021-10-12"", ""commentContent"": ""wide\u4e4b\u524d\u53ef\u4ee5\u7528\uff0c\u663e\u793a\u9519\u8bef\u5220\u4e86\uff0c\u518d\u5b89\u88c5\uff0c\u600e\u4e48\u641c\u7d22\u4e0d\u5230\u4e86""}, {""commentAvatar"": ""https://sns-avatar-qc.xhscdn.com/avatar/6146d0043f7e54895d002cef.jpg?imageView2/2/w/80/format/jpg"", ""commentUserName"": ""D&Miya"", ""commentTime"": ""2021-07-19"", ""commentContent"": ""\u4eb2\u4eb2 \u77e5\u9053\u89c6\u9891\u4e0b\u9762\u7684\u6c34\u5370\uff08\u6bd4\u5982\uff1a@XXX\uff09 \u600e\u4e48\u627e\u4eba\u5440\uff1f\u4e3a\u4ec0\u4e48\u641c\u4e0d\u5230""}]",0
https://www.xiaohongshu.com/discovery/item/62c11a8b00000000020020c8,å›¾ä¹¦ç®¡ç†ç³»ç»Ÿï¼Œå‰ç«¯vue2+elementuiï¼Œåå°node+MySQLã€‚é¡¹ç›®æ²¡æœ‰å®Œå…¨åšå®Œï¼Œè§’è‰²ç®¡ç†å’Œç³»ç»Ÿæ—¥å¿—æ²¡æœ‰å†™åå°æ¥å£ï¼Œæ„Ÿå…´è¶£çš„å°ä¼™ä¼´å¯ä»¥è‡ªå·±å°è¯•åšä¸€åšï¼Œä¸æ˜¯å¾ˆéš¾ï¼ŒåŸºæœ¬éƒ½æ˜¯å¢åˆ æ”¹æŸ¥çš„æ“ä½œï¼Œæœ‰å…¶ä»–æ›´å¥½çš„æƒ³æ³•ä¹Ÿå¯ä»¥è‡ªå·±åŠ¨æ‰‹æ”¹é¡¹ç›®ã€‚ç™»å½•è´¦å·å’Œå¯†ç ï¼šadmin 123456 #vueé¡¹ç›®å®æˆ˜ #webå‰ç«¯å­¦ä¹ ,https://sns-avatar-qc.xhscdn.com/avatar/5e997a5d8fbefa0001d6043d.jpg?imageView2/1/w/540/format/jpg,éª‘çš„å¢è¿½å®é©¬,å‘å¸ƒäº 2022-07-03 12:26,6772,10,æ¹–åŒ—,vue,"//ci.xiaohongshu.com/68f6af03-85c3-1422-e8bf-23af48384ab9?imageView2/2/w/1080/format/jpg,//ci.xiaohongshu.com/2f7d2d1c-199a-89a2-b808-570c934c6d6f?imageView2/2/w/1080/format/jpg,//ci.xiaohongshu.com/c44b640a-6547-4253-ae6e-4fbf2ab9366a?imageView2/2/w/1080/format/jpg,//ci.xiaohongshu.com/44296642-b574-ca1f-0a4e-8a1aba226f7d?imageView2/2/w/1080/format/jpg,//ci.xiaohongshu.com/a379eeb7-7a6d-4962-73e3-ce12483fd9c3?imageView2/2/w/1080/format/jpg,//ci.xiaohongshu.com/d9422f03-96ac-02e2-6f84-155af8740817?imageView2/2/w/1080/format/jpg,//ci.xiaohongshu.com/c36baa33-b618-7350-afc1-9f52f8c91e0c?imageView2/2/w/1080/format/jpg,//ci.xiaohongshu.com/e9cf821b-14c8-064a-1abf-79eb173d627d?imageView2/2/w/1080/format/jpg","[{""commentAvatar"": ""https://sns-avatar-qc.xhscdn.com/avatar/62cfa719e6665f4bb8c46b5e.jpg?imageView2/2/w/80/format/jpg"", ""commentUserName"": ""cc."", ""commentTime"": ""07-19"", ""commentContent"": ""\u6c42""}, {""commentAvatar"": ""https://sns-avatar-qc.xhscdn.com/avatar/628062e9553ce46a865a2957.jpg?imageView2/2/w/80/format/jpg"", ""commentUserName"": ""\u9a6c\u94c3\u85af"", ""commentTime"": ""07-26"", ""commentContent"": ""\u6c42""}, {""commentAvatar"": ""https://sns-avatar-qc.xhscdn.com/avatar/624be9437e5dac46eebb95db.jpg?imageView2/2/w/80/format/jpg"", ""commentUserName"": ""\u5377\u4e0d\u52a8\u4e86"", ""commentTime"": ""07-15"", ""commentContent"": ""\u6c42\uff01\uff01\uff01""}, {""commentAvatar"": ""https://sns-avatar-qc.xhscdn.com/avatar/62b7c578b73654ea5911b82a.jpg?imageView2/2/w/80/format/jpg"", ""commentUserName"": ""\u55ef\u54fc"", ""commentTime"": ""\u6628\u5929 22:26"", ""commentContent"": ""\u6c42""}, {""commentAvatar"": ""https://sns-avatar-qc.xhscdn.com/avatar/5ce7c9614a99b60001aa8a0b.jpg?imageView2/2/w/80/format/jpg"", ""commentUserName"": ""Wanderer."", ""commentTime"": ""\u6628\u5929 22:19"", ""commentContent"": ""\u6c42\uff01\uff01""}]",0
https://www.xiaohongshu.com/discovery/item/625ff1b90000000001026d5f,"åªèƒ½å¬æ‡‚è€å¸ˆåœ¨è¯´ä»€ä¹ˆï¼Œå­¦å®Œç¬¬äºŒå¤©éƒ½ä¸æ€ä¹ˆè®°å¾—äº†ï¼Œè¿™æ¬¡å­¦åˆ°GitHubçš„ä¸€ä¸ªæ¡ˆä¾‹èµ°äº†ä¸€ä¸‹ç¥ï¼Œç„¶åä¸çŸ¥é“ä»å“ªå†’å‡ºæ¥ä¸€ä¸ªBugï¼Œå‘é€è¯·æ±‚æˆåŠŸåé¡µé¢éƒ½ä¸æ˜¾ç¤ºä¸œè¥¿ï¼Œä¹Ÿä¸æŠ¥é”™ï¼Œå¯¹äº†ä¸€ä¸‹è€å¸ˆçš„ä»£ç ä¹Ÿæ²¡æ‰¾å‡ºé—®é¢˜ï¼Œç»™æˆ‘æ•´éƒé—·äº†ã€‚å›æƒ³ä¸€ä¸ªå¤šæœˆå‰å¼€å§‹å­¦html,cssä¸€å¤©èƒ½å­¦7,8ä¸ªå°æ—¶ï¼Œç°åœ¨æ¯å¤©å­¦5ä¸ªå¤šå°æ—¶å°±å­¦ä¸ä¸‹å»äº†",https://sns-avatar-qc.xhscdn.com/avatar/5baf47f8773f1800015a913a.jpg?imageView2/1/w/540/format/jpg,æµ·ç å¤å·¨åŸº,å‘å¸ƒäº 2022-04-20 19:42,412,10,å®å¤,vue,"//ci.xiaohongshu.com/9cf2aea4-8bbc-a378-0aa7-ec04f7b32349?imageView2/2/w/1080/format/jpg,//ci.xiaohongshu.com/803fbc12-9212-05bd-10fb-5c8c771d1bdc?imageView2/2/w/1080/format/jpg","[{""commentAvatar"": ""https://sns-avatar-qc.xhscdn.com/avatar/5e7f56ab0000000001003902.jpg?imageView2/2/w/80/format/jpg"", ""commentUserName"": ""\u7cd6"", ""commentTime"": ""04-22"", ""commentContent"": ""\u8fdb\u516c\u53f8\u5b66\u5f97\u5feb\uff0c\u5b66\u751f\u7684\u8bdd\u53ef\u4ee5\u5b9e\u4e60\u8bd5\u4e00\u8bd5""}, {""commentAvatar"": ""https://sns-avatar-qc.xhscdn.com/avatar/5ec7d91201a6000001b03df9.jpg?imageView2/2/w/80/format/jpg"", ""commentUserName"": ""\u671d\u9152\u665a\u821e"", ""commentTime"": ""04-22"", ""commentContent"": ""\u4e00\u6837\u7684\u8bfe\u7a0b\u4e00\u6837\u7684\u6848\u5217 \u5b66\u5230\u4f60\u540e\u9762\u70b9\u6211\u5728\u770b\u8def\u7531\u4e86 \u5f88\u597d\u5947\u4f60\u4e3a\u4ec0\u4e48\u4f1a\u8bf4\u8d70\u4e86\u4e00\u4e0b\u795e\u7136\u540e\u600e\u4e48\u600e\u4e48 \u8fd9\u4e2a\u4e0d\u662f\u89c6\u9891\u800c\u5df2\u5417 \u53c8\u4e0d\u662f\u76f4\u64ad \u4eca\u5929\u665a\u4e0a\u5b66\u5230\u8def\u7531 \u6570\u636e\u4e5f\u662f\u4e00\u76f4\u4e0d\u51fa\u6765 \u5dee\u4e0d\u591a\u90a3\u51e0\u6b65\u770b\u4e86\u4e09\u904d \u7136\u540e\u624d\u770b\u51fa\u6765\u539f\u6765\u662f\u6211\u5355\u8bcd\u5199\u9519\u4e86 \u6709\u95ee\u9898\u5c31\u56de\u770b\u5440 \u81ea\u5df1\u521a\u6572\u5b8c\u7136\u540e\u53c8\u770b\u4e00\u904d\u8001\u5e08\u6572 \u5f88\u5feb\u5c31\u80fd\u770b\u51fa\u95ee\u9898\u7684""}, {""commentAvatar"": ""https://sns-avatar-qc.xhscdn.com/avatar/624d74ab9a6b6bd137d8d47b.jpg?imageView2/2/w/80/format/jpg"", ""commentUserName"": ""\u597d\u4e00\u652f\u591c\u66f2"", ""commentTime"": ""04-22"", ""commentContent"": ""\u5144\u5f1f \u770b\u7684\u54ea\u4e00\u4e2a\u8bfe\u7a0b\u54c7""}, {""commentAvatar"": ""https://sns-avatar-qc.xhscdn.com/avatar/55d55de5e4b1cf4502d3234b.jpg?imageView2/2/w/80/format/jpg"", ""commentUserName"": ""\u4e00\u76f4\u51ac\u7ef5\u7684\u68a6\u60f3\u5bb6"", ""commentTime"": ""04-24"", ""commentContent"": ""\u6211\u5728\u516c\u53f8\uff0c\u8fb9\u5199\u9879\u76ee\u8fb9\u5b66\uff0c\u65f6\u5e38\u4e00\u4e2a\u95ee\u9898\u91cd\u590d\u95ee\u597d\u51e0\u904d\uff0c\u5957\u4e2a\u58f3\u6211\u5c31\u770b\u4e0d\u51fa\u6765\u662f\u4e4b\u524d\u9047\u5230\u8fc7\u7684\u4e86""}, {""commentAvatar"": ""https://sns-avatar-qc.xhscdn.com/avatar/62812348ed0890b70ea2d27d.jpg?imageView2/2/w/80/format/jpg"", ""commentUserName"": ""\uff5e"", ""commentTime"": ""04-24"", ""commentContent"": ""\u8f6c\u884c\u5427\uff0c\u8fd8\u6765\u5f97\u53ca""}]",0
https://www.xiaohongshu.com/discovery/item/62b0537e000000000e02846b,Webå‰ç«¯ç¬”è®°ä¹‹Vueçš„ç»„ä»¶åŒ–å¼€å‘ (ä¸Š)ğŸ·ï¸#webå‰ç«¯å­¦ä¹  #å‰ç«¯ #è½¬ç  #ç¨‹åºå‘˜ #ç¬”è®° #äº’è”ç½‘ #è®¡ç®—æœº@çŸ¥è¯†è–¯ @æ ¡å›­è–¯ @èŒåœºè–¯ @è–¯é˜Ÿé•¿ @è–¯ç®¡å®¶,https://sns-avatar-qc.xhscdn.com/avatar/6254440c45237bd53c55e6e6.jpg?imageView2/1/w/540/format/jpg,24åªç¾Šç¾Šç¾Š,å‘å¸ƒäº 2022-06-20 19:01,4490,9,æµ·å—,vue,"//ci.xiaohongshu.com/01026k01knv8hwogx3i0114rp8c06t37ju?imageView2/2/w/1080/format/jpg,//ci.xiaohongshu.com/f458662f-c1de-d569-de2e-d5f8586a9f47?imageView2/2/w/1080/format/jpg,//ci.xiaohongshu.com/58847496-f7b6-16e4-d8ab-413744565b45?imageView2/2/w/1080/format/jpg","[{""commentAvatar"": ""https://sns-avatar-qc.xhscdn.com/avatar/625453d37e5dac46eebc4109.jpg?imageView2/2/w/80/format/jpg"", ""commentUserName"": ""\u8fdb\u51fb\u7684\u524d\u7aef\u653b\u57ce\u72ee"", ""commentTime"": ""06-21"", ""commentContent"": ""\u771f\u597d\uff0c\u6700\u8fd1\u66f4\u65b0\u7684vue\uff0c\u6211\u521a\u597d\u5728\u5b66\uff0c\u6709\u5b66\u4e60\u65b9\u6cd5\u6ca1\uff1f""}, {""commentAvatar"": ""https://sns-avatar-qc.xhscdn.com/avatar/5ff1f62b257cc4c5330031a5.jpg?imageView2/2/w/80/format/jpg"", ""commentUserName"": ""Ruby_0618"", ""commentTime"": ""06-20"", ""commentContent"": ""v3\u7684script setup yyds""}]",0
https://www.xiaohongshu.com/discovery/item/6243b9770000000021039f38,htmlã€cssã€jsã€vueç›¸å…³å¯ä»¥ç›´æ¥è¯„è®ºï¼Œä¹Ÿå¯ä»¥ç§æˆ‘,https://sns-avatar-qc.xhscdn.com/avatar/5d5fc81112351d00013c5601.jpg?imageView2/1/w/540/format/jpg,ä¿Šç”·å“¥ä»Šå¤©å†™BUGäº†å—,å‘å¸ƒäº 2022-03-30 09:59,6621,10,é™•è¥¿,vue,//ci.xiaohongshu.com/06d68d0d-ad41-eee1-609d-eff1e570c508?imageView2/2/w/1080/format/jpg,"[{""commentAvatar"": ""https://sns-avatar-qc.xhscdn.com/avatar/556eff9fb4c4d632500dc00e.jpg?imageView2/2/w/80/format/jpg"", ""commentUserName"": ""\u5192\u724c\u6444\u5f71\u5e08"", ""commentTime"": ""04-05"", ""commentContent"": ""\u4e3a\u5565[1]==[1]\u662ffalse""}, {""commentAvatar"": ""https://sns-avatar-qc.xhscdn.com/avatar/6194c324d2c3d3acee726171.jpg?imageView2/2/w/80/format/jpg"", ""commentUserName"": ""cokii_xiaowa"", ""commentTime"": ""04-23"", ""commentContent"": ""vue3\u4e2decharts \u4fe9\u6309\u94ae\u5207\u6362\u5c55\u793a\u4e0d\u540c\u7684\u6570\u636e\u600e\u4e48\u52a8\u6001\u3002\u662f\u76d1\u89c6\u5417""}, {""commentAvatar"": ""https://sns-avatar-qc.xhscdn.com/avatar/7121a416be8e543266fd62c1cc9d575e.jpg?imageView2/2/w/80/format/jpg"", ""commentUserName"": ""\u5f88\u9002\u5408\u4e0a\u73ed"", ""commentTime"": ""04-18"", ""commentContent"": ""\u516b\u80a1\u6587\u5728\u54ea\u91cc\u770b\u7a00\u571f\u6398\u91d1\u611f\u89c9\u5404\u79cd\u5404\u6837\u7684\u76f4\u63a5\u641c\u516b\u80a1\u6587\u5417""}, {""commentAvatar"": ""https://sns-avatar-qc.xhscdn.com/avatar/5cbbbb7b30c2010001bf50d9.jpg?imageView2/2/w/80/format/jpg"", ""commentUserName"": ""\u4e00\u7f50\u7f50\u6c7d\u6c34"", ""commentTime"": ""04-14"", ""commentContent"": ""\u540e\u6bb5\u8fd4\u56de\u7684\u6570\u636e\u91cf\u7279\u522b\u5927\uff0c\u524d\u7aef\u5982\u4f55\u5904\u7406\u663e\u793a\u5728\u9875\u9762?""}, {""commentAvatar"": ""https://sns-avatar-qc.xhscdn.com/avatar/6007d3100000000001000502.jpg?imageView2/2/w/80/format/jpg"", ""commentUserName"": ""\udb40\udc0b\udb40\udc0b\udb40\udc0b"", ""commentTime"": ""03-30"", ""commentContent"": ""\u524d\u7aef \u5168\u6808 \u662f\u4e0d\u662f\u5b66 node express mysql""}]",0
https://www.xiaohongshu.com/discovery/item/6194d8d80000000001029030,vue3çš„æ–°ç‰¹æ€§ä½ éƒ½äº†è§£äº†å˜›ï¼Œtsç”¨ç†Ÿç»ƒäº†å˜›#webå‰ç«¯å­¦ä¹  #å‰ç«¯å¼€å‘ #å‰ç«¯ #ç¬”è®° #å­¦ä¹ æ—¥å¸¸ #ç¨‹åºå‘˜@çŸ¥è¯†è–¯ @å°çº¢ä¹¦æˆé•¿ç¬”è®°,https://sns-avatar-qc.xhscdn.com/avatar/6168d7e9bcc4e143cf48b243.jpg?imageView2/1/w/540/format/jpg,ç¨‹æºªå¹´,å‘å¸ƒäº 2021-11-17 18:26,5474,10,è¾½å®,vue,"//ci.xiaohongshu.com/f5a9614a-58e5-32da-c876-2b44a214ed09?imageView2/2/w/1080/format/jpg,//ci.xiaohongshu.com/3859e76e-7c7d-3cd0-6313-35cd717a7b25?imageView2/2/w/1080/format/jpg,//ci.xiaohongshu.com/4b964733-8ddc-68d6-7255-c1dd34ab18c3?imageView2/2/w/1080/format/jpg,//ci.xiaohongshu.com/1b1f5621-8c2e-d9db-c3de-4de25dfb46e4?imageView2/2/w/1080/format/jpg,//ci.xiaohongshu.com/3b82fe87-6fc9-6afe-d9fa-f20ebdf9db9e?imageView2/2/w/1080/format/jpg,//ci.xiaohongshu.com/213295ed-71d3-2061-4e58-141d302d89ef?imageView2/2/w/1080/format/jpg,//ci.xiaohongshu.com/d4f831e4-9e33-e7f8-fa80-2d3536013f31?imageView2/2/w/1080/format/jpg,//ci.xiaohongshu.com/b65ff164-3894-1645-94ad-025a38c008a3?imageView2/2/w/1080/format/jpg,//ci.xiaohongshu.com/dd987493-665f-1973-98de-72bbd55b70ce?imageView2/2/w/1080/format/jpg",[],0
https://www.xiaohongshu.com/discovery/item/62185af100000000210381e1,1.propså®ç°çˆ¶ç»„ä»¶å‘å­ç»„ä»¶ä¼ é€’å˜é‡å€¼ï¼Œé¦–å…ˆåˆ©ç”¨v-bindåŠ¨æ€ç»‘å®šå°†çˆ¶ç»„ä»¶çš„å€¼èµ‹å€¼ç»™ä¸€ä¸ªå˜é‡ï¼Œç„¶ååœ¨å­ç»„ä»¶åˆ©ç”¨Propsæ¥æ”¶è¯¥å˜é‡ï¼Œä»è€Œåœ¨å­ç»„ä»¶ä¸­ä½¿ç”¨å˜é‡ã€‚2.refçš„åŸºæœ¬ä½¿ç”¨:èƒ½å¤Ÿè·å–å½“å‰èŠ‚ç‚¹ç»“æ„ï¼Œä»¥åŠå½“å‰èŠ‚ç‚¹ç»“æ„çš„å±æ€§å€¼ï¼Œå˜é‡ï¼Œå‡½æ•°ç­‰ï¼Œrefè¿˜å¯ä»¥å……å½“çˆ¶å­ç»„ä»¶é€šä¿¡ï¼Œå®ç°çˆ¶ä¼ å­åŠŸèƒ½ï¼ŒåŒæ—¶ä¹Ÿå¯ä»¥ä¿®æ”¹å­ç»„ä»¶ä¼ é€’ç»™çˆ¶ç»„ä»¶çš„å‚æ•°(å‡½æ•°)ã€‚,https://sns-avatar-qc.xhscdn.com/avatar/60ee5aad95c33fb28b2efbda.jpg?imageView2/1/w/540/format/jpg,ä¸€ä¸ªå•Šè¥¿å­¦å‰ç«¯,å‘å¸ƒäº 2022-02-25 12:28,6284,10,è´µå·,vue,"//ci.xiaohongshu.com/ebb68d92-fd4e-829d-9dcb-ef509ffd58c1?imageView2/2/w/1080/format/jpg,//ci.xiaohongshu.com/e43983f4-b462-c33e-51f2-a2637e1bbd7c?imageView2/2/w/1080/format/jpg,//ci.xiaohongshu.com/2ad5f303-9a99-177a-0556-7a4e9b234ccd?imageView2/2/w/1080/format/jpg","[{""commentAvatar"": ""https://sns-avatar-qc.xhscdn.com/avatar/621f6f21a4cccf7a10de3459.jpg?imageView2/2/w/80/format/jpg"", ""commentUserName"": ""\u561f\u561f\u561f"", ""commentTime"": ""03-21"", ""commentContent"": ""\u6211\u4eec\u989c\u8272\u4e0d\u4e00\u6837\u54ce\uff0c\u4f60\u7528\u4e3b\u9898\u63d2\u4ef6\u4e86\u561b""}, {""commentAvatar"": ""https://sns-avatar-qc.xhscdn.com/avatar/61fec27a70c2417a0dc5df6b.jpg?imageView2/2/w/80/format/jpg"", ""commentUserName"": ""Coco"", ""commentTime"": ""02-26"", ""commentContent"": ""\u4f60\u770b\u7684\u4ec0\u4e48\u89c6\u9891\u554a\uff0c\u6211\u4e00\u76f4\u770b\u5b98\u65b9\u6587\u6863\uff0c\u611f\u89c9\u770b\u89c6\u9891\u80fd\u5feb\u70b9\u5427\uff1f""}, {""commentAvatar"": ""https://sns-avatar-qc.xhscdn.com/avatar/612f7010000000000202163e.jpg?imageView2/2/w/80/format/jpg"", ""commentUserName"": ""while(true)"", ""commentTime"": ""02-25"", ""commentContent"": ""\u7528\u811a\u624b\u67b6\u5427\uff0c\u516c\u53f8\u4e00\u822c\u4e5f\u662f\u90a3\u79cd\u9879\u76ee""}]",0
https://www.xiaohongshu.com/discovery/item/61acc6270000000021039338,å‰ç«¯å¼€å‘react vue åŒæ ˆå¼€å‘PCç«¯ ç§»åŠ¨ç«¯ å…¼å®‰å“æ··åˆå¤§å®¶æœ‰ä»€ä¹ˆé—®é¢˜æ¬¢è¿ä¸€èµ·æ¥äº¤æµé¸­ä¸€èµ·æ¥æ»‘æ°´æ‘¸é±¼å•Š ğŸŸæœ‰éœ€è¦å†…æ¨çš„å°ä¼™ä¼´ ï¼Œæ¬¢è¿æŠ•é€’ æœ€å¥½æ˜¯æŠ€æœ¯å²—å§ pm qa uä¹Ÿå¯ä»¥#ç¨‹åºå‘˜#webå‰ç«¯å­¦ä¹ #ç¨‹åºå‘˜æ—¥å¸¸#React#vue#æ¡Œé¢åˆ†äº«#æˆ‘çš„ç™¾å˜æ¡Œæ­,https://sns-avatar-qc.xhscdn.com/avatar/62c46b301f3e8eefb8fbc46c.jpg?imageView2/1/w/540/format/jpg,æˆ‘å®¶çŒ«å«ä½©å¥‡,å‘å¸ƒäº 2021-12-05 22:01,2955,10,æ–°ç–†,vue,"//ci.xiaohongshu.com/91383467-b7a2-fcbc-eaa6-044ed6c26ba5?imageView2/2/w/1080/format/jpg,//ci.xiaohongshu.com/869d98a6-52a1-8c94-a038-bd675ceaf2bd?imageView2/2/w/1080/format/jpg,//ci.xiaohongshu.com/7e9872be-4b1a-6b91-8f2d-6bd9f60e4e7c?imageView2/2/w/1080/format/jpg","[{""commentAvatar"": ""https://sns-avatar-qc.xhscdn.com/avatar/2b4cefbb01e0a0824f5c173dde7f98b2.jpg?imageView2/2/w/80/format/jpg"", ""commentUserName"": ""\u8001\u51e1\u5c14\u8d5b"", ""commentTime"": ""2021-12-06"", ""commentContent"": ""\u5730\u5740\u662f\u817e\u8baf\uff0c\u8fd9\u5de5\u4f4d\u770b\u7684\u66f4\u50cf\u767e\u5ea6""}, {""commentAvatar"": ""https://sns-avatar-qc.xhscdn.com/avatar/60602be65c2f5a3f1cdd70c8.jpg?imageView2/2/w/80/format/jpg"", ""commentUserName"": ""\u5dee\u4e0d\u591a\u54b8\u9c7c"", ""commentTime"": ""2021-12-11"", ""commentContent"": ""\u6ca1\u6709\u5b66\u5386\u6ca1\u8d44\u683c\u8fdb\u5927\u5382""}, {""commentAvatar"": ""https://sns-avatar-qc.xhscdn.com/avatar/62037825cfbc5ebd286ba2d4.jpg?imageView2/2/w/80/format/jpg"", ""commentUserName"": ""\u51b0\u7f8e\u5f0f"", ""commentTime"": ""01-07"", ""commentContent"": ""\u597d\u53ef\u7231\u7684\u5927\u80d6\u6a58""}, {""commentAvatar"": ""https://sns-avatar-qc.xhscdn.com/avatar/61f3e21eeccac47207a654ee.jpg?imageView2/2/w/80/format/jpg"", ""commentUserName"": ""\u4f5b\u7cfb\u9752\u5e74"", ""commentTime"": ""01-04"", ""commentContent"": ""\u8fd9\u4e9b\u5c4f\u5e55\u90fd\u662f\u516c\u53f8\u5206\u914d\u7684?""}, {""commentAvatar"": ""https://sns-avatar-qc.xhscdn.com/avatar/61135ab8162e0b9bed9e546f.jpg?imageView2/2/w/80/format/jpg"", ""commentUserName"": ""\u3002\u3002\u3002"", ""commentTime"": ""2021-12-05"", ""commentContent"": ""\u9664\u4e86\u653e\u624b\u7684\u5730\u65b9\uff0c\u7535\u8111\u5c4f\u5e55\uff0c\u4e3b\u673a\u90fd\u662f\u7070""}]",0
https://www.xiaohongshu.com/discovery/item/625cc726000000002103fc34,Vueæ˜¯ä¸€å¥—ç”¨äºæ„å»ºç”¨æˆ·ç•Œé¢çš„æ¸è¿›å¼JavaScriptæ¡†æ¶ï¼Œæ˜¯ç›®å‰æœ€ç«çš„å‰ç«¯æ¡†æ¶ä¹‹ä¸€ï¼Œæ˜¯å‰ç«¯å·¥ç¨‹å¸ˆçš„å¿…å¤‡æŠ€èƒ½ã€‚æ•™ç¨‹æ¶µç›–Vueå¼€å‘æ‰€éœ€æŠ€æœ¯ï¼š1. Vueæ ¸å¿ƒï¼šæ¨¡æ¿è¯­æ³•ã€æ•°æ®ç»‘å®šã€è®¡ç®—å±æ€§ã€äº‹ä»¶å¤„ç†ã€è¿‡æ¸¡ä¸åŠ¨ç”»ã€å†…ç½®æŒ‡ä»¤ã€ç»„ä»¶é—´é€šä¿¡ã€äº‹ä»¶æ€»çº¿ç­‰ï¼›2. VueåŸç†å‰–æï¼šå“åº”å¼å®ç°åŸç†ã€æ•°æ®åŠ«æŒåŸç†ã€æ•°æ®ä»£ç†åŸç†ã€Diffç®—æ³•åŸç†ç­‰ï¼›3. Vueå‘¨è¾¹æŠ€æœ¯ï¼šVue-Router ã€Vuexã€Element-UIã€Pubsubç­‰ï¼›4. Vue3è¿›é˜¶ï¼šCompositionAPIã€Vue3å“åº”å¼åŸç†ã€reactiveä¸refã€Hookå‡½æ•°ã€Teleportç»„ä»¶ç­‰ã€‚#ç¼–ç¨‹   #webå‰ç«¯å­¦ä¹    #webå‰ç«¯   #vue   #Vuejs   #è®¡ç®—æœºæŠ€æœ¯,https://sns-avatar-qc.xhscdn.com/avatar/62a6ea0dc8aed20001a8ef25.jpg?imageView2/1/w/540/format/jpg,å°šç¡…è°·æ•™è‚²,å‘å¸ƒäº 2022-04-18 10:04,6970,9,æ¹–åŒ—,vue,"https://gimg2.baidu.com/image_search/src=http%3A%2F%2Fi1.hdslb.com%2Fbfs%2Farchive%2F8faf492337fbdc3443236de7fe45ba12676a3ba4.png&refer=http%3A%2F%2Fi1.hdslb.com&app=2002&size=f9999,10000&q=a80&n=0&g=0n&fmt=auto?sec=1658999944&t=2c0ccab841f5812bef3fb6b8ff831f7c","[{""commentAvatar"": ""https://sns-avatar-qc.xhscdn.com/avatar/5e53db894714360001be2062.jpg?imageView2/2/w/80/format/jpg"", ""commentUserName"": ""\u7389\u7b1b\u7b19\u7bab"", ""commentTime"": ""07-24"", ""commentContent"": ""\u5728\u90a3\u91cc\u5b66\uff1f""}, {""commentAvatar"": ""https://sns-avatar-qc.xhscdn.com/avatar/6168122391fbef2fa9f7cf24.jpg?imageView2/2/w/80/format/jpg"", ""commentUserName"": ""soph"", ""commentTime"": ""04-19"", ""commentContent"": ""\u600e\u4e48\u5b66\uff1f""}, {""commentAvatar"": ""https://sns-avatar-qc.xhscdn.com/avatar/5f4c6f0900000000010094a8.jpg?imageView2/2/w/80/format/jpg"", ""commentUserName"": ""Norman7373"", ""commentTime"": ""04-19"", ""commentContent"": ""\u54ea\u91cc\u5b66\uff1f""}, {""commentAvatar"": ""https://sns-avatar-qc.xhscdn.com/avatar/622308bef6917b4564d9bc2c.jpg?imageView2/2/w/80/format/jpg"", ""commentUserName"": ""Coisni"", ""commentTime"": ""04-18"", ""commentContent"": ""\u5f20\u8001\u5e08yyds""}, {""commentAvatar"": ""https://sns-avatar-qc.xhscdn.com/avatar/62583d044bd0fac438a11537.jpg?imageView2/2/w/80/format/jpg"", ""commentUserName"": ""\u6765\u65e5\u53ef\u671f\ud83c\udf61"", ""commentTime"": ""04-23"", ""commentContent"": ""\u54ea\u91cc\u5b66\u554a\uff1f""}]",http://v.xiaohongshu.com/spectrum/01e25cc726201b0a01837003803a6a7a64_259.mp4?sign=1b51e8de9f39e20741c100d60265a434&t=62e55580
https://www.xiaohongshu.com/discovery/item/62be8fc700000000040015e9,è…¾è®¯æ”¶è´­çš„çŸ­è§†é¢‘å¹³å° VUE VLOG å®£å¸ƒåœæ­¢è¿è¥ï¼Œç”¨æˆ·æ›¾è¿‡åƒä¸‡ï¼Œä¼°è®¡æ‰“ä¸è¿‡å‰ªæ˜ #vue #å‰ªè¾‘ #APP,https://sns-avatar-qc.xhscdn.com/avatar/5f34ab2d0000000001002a44.jpg?imageView2/1/w/540/format/jpg,æ•°ç åœˆéº»è¾£çƒ«,å‘å¸ƒäº 2022-07-01 14:10,9265,10,ä¸Šæµ·,vue,//ci.xiaohongshu.com/57f0b63e-a667-ffac-26db-4e085c5eabfd?imageView2/2/w/1080/format/jpg,"[{""commentAvatar"": ""https://sns-avatar-qc.xhscdn.com/avatar/5ff56db5fcf7decd7960dd66.jpg?imageView2/2/w/80/format/jpg"", ""commentUserName"": ""Miss.Zhang"", ""commentTime"": ""07-06"", ""commentContent"": ""\u7528\u8fc7\u6700\u597d\u7528\u7684\u526a\u8f91app""}, {""commentAvatar"": ""https://sns-avatar-qc.xhscdn.com/avatar/62dca9a902aca53be17f7509.jpg?imageView2/2/w/80/format/jpg"", ""commentUserName"": ""\u533f\u540d\u7528\u6237"", ""commentTime"": ""07-01"", ""commentContent"": ""\u6211\u8fd8\u4ee5\u4e3a\u662f\u524d\u7aef\u6846\u67b6vue\u5462""}, {""commentAvatar"": ""https://sns-avatar-qc.xhscdn.com/avatar/616cfd081b3854f9df8463f8.jpg?imageView2/2/w/80/format/jpg"", ""commentUserName"": ""yeats"", ""commentTime"": ""07-17"", ""commentContent"": ""\u6240\u4ee5\u54b1\u80fd\u4e0d\u80fd\u6c42\u5b83\u522b\u505c\uff0c\u6211\u771f\u7684\u7528\u4e60\u60ef\u4e86""}, {""commentAvatar"": ""https://sns-avatar-qc.xhscdn.com/avatar/614ac94e5b8b212ff516540b.jpg?imageView2/2/w/80/format/jpg"", ""commentUserName"": ""\u4e0d\u5b89\u5206\u7684\u5f26"", ""commentTime"": ""07-15"", ""commentContent"": ""\u5bf9\u554a\uff0c\u5bb3\u6211\u627e\u597d\u4e45\uff0c\u597d\u96be\u8fc7""}, {""commentAvatar"": ""https://sns-avatar-qc.xhscdn.com/avatar/62d66657193ba72222b457f0.jpg?imageView2/2/w/80/format/jpg"", ""commentUserName"": ""\u52aa\u529b\u8d5a\u94b1\u7136\u540e\u6446\u70c2"", ""commentTime"": ""07-11"", ""commentContent"": ""\u6211\u4ee5\u4e3a\u5c24\u96e8\u6eaa\u5012\u95ed\u4e86\u5462""}]",0
https://www.xiaohongshu.com/discovery/item/62c142f90000000001026d31,"1ã€ä»€ä¹ˆæ˜¯æ’æ§½ğŸ¤¨ğŸ™ˆğŸ™ˆ1.1 æ’æ§½ï¼ˆSlotï¼‰æ˜¯Vueæå‡ºæ¥çš„ä¸€ä¸ªæ¦‚å¿µï¼Œæ­£å¦‚åå­—ä¸€æ ·ï¼Œæ’æ§½ç”¨äºå†³å®šå°†æ‰€æºå¸¦çš„å†…å®¹ï¼Œæ’å…¥åˆ°æŒ‡å®šçš„æŸä¸ªä½ç½®ï¼Œä»è€Œä½¿æ¨¡æ¿åˆ†å—ï¼Œå…·æœ‰æ¨¡å—åŒ–çš„ç‰¹è´¨å’Œæ›´å¤§çš„é‡ç”¨æ€§ã€‚1.2 æ’æ§½æ˜¾ä¸æ˜¾ç¤ºã€æ€æ ·æ˜¾ç¤ºæ˜¯ç”±çˆ¶ç»„ä»¶æ¥æ§åˆ¶çš„ï¼Œè€Œæ’æ§½åœ¨å“ªé‡Œæ˜¾ç¤ºå°±ç”±å­ç»„ä»¶æ¥è¿›è¡Œæ§åˆ¶2ã€æ’æ§½ä½¿ç”¨ğŸ¤¨ğŸ™ˆğŸ™ˆ2.1 é»˜è®¤æ’æ§½  åœ¨å­ç»„ä»¶ä¸­å†™å…¥slotï¼Œslotæ‰€åœ¨çš„ä½ç½®å°±æ˜¯çˆ¶ç»„ä»¶è¦æ˜¾ç¤ºçš„å†…å®¹2.2 å…·åæ’æ§½  ï¼šğŸŒ³åœ¨å­ç»„ä»¶ä¸­å®šä¹‰äº†ä¸‰ä¸ªslotæ ‡ç­¾ï¼Œå…¶ä¸­æœ‰ä¸¤ä¸ªåˆ†åˆ«æ·»åŠ äº†nameå±æ€§headerå’ŒfooterğŸŒ³åœ¨çˆ¶ç»„ä»¶ä¸­ä½¿ç”¨templateå¹¶å†™å…¥å¯¹åº”çš„slotåå­—æ¥æŒ‡å®šè¯¥å†…å®¹åœ¨å­ç»„ä»¶ä¸­ç°å®çš„ä½ç½®2.3 ä½œç”¨åŸŸæ’æ§½  åœ¨å­ç»„ä»¶çš„slotæ ‡ç­¾ä¸Šç»‘å®šéœ€è¦çš„å€¼<slot :data=""user""></slot>åœ¨çˆ¶ç»„ä»¶ä¸Šä½¿ç”¨slot-scope=â€œuserâ€æ¥æ¥æ”¶å­ç»„ä»¶ä¼ è¿‡æ¥çš„å€¼ ï¼›ğŸ‘»ğŸ‘»ğŸ‘»æœ€è¿‘ä¸€ç›´éƒ½åœ¨æ•´é¡¹ç›® ï¼Œå‰é¢çš„vueç¬”è®°è¿˜æ²¡æ¥å¾—åŠæ•´ç†ï¼Œåˆšå¼€å§‹å†™é¡¹ç›®æ¯”è¾ƒemoçš„è’ï¼›åªå†™äº†ä¸€ä¸ªç§»åŠ¨ç«¯å’Œä¸€ä¸ªpcç«¯çš„å°é¡¹ç›®ï¼Œç›®å‰å†å†™ä¸€ä¸ªå¤§é¡¹ç›®ï¼Œä¼°è®¡è¿˜å¾—å†™åå‡ å¤©å§ï¼›è€å¸ˆè¯´vuexå­¦å®Œéƒ½å¯ä»¥æ‰¾å·¥ä½œäº†ğŸ˜‚ğŸ˜‚#å‰ç«¯   #webå‰ç«¯   #vue   #vuex    #vue3   #å­¦ä¹ æ‰“å¡",https://sns-avatar-qc.xhscdn.com/avatar/62c1492e3886701389f6eb57.jpg?imageView2/1/w/540/format/jpg,å°é™ˆå‰ç«¯åŠªåŠ›ä¸­,å‘å¸ƒäº 2022-07-03 15:19,4289,10,æµ·å—,vue,"//ci.xiaohongshu.com/de98fb9e-b379-35c5-430c-361a44d85aff?imageView2/2/w/1080/format/jpg,//ci.xiaohongshu.com/164385e3-3060-5da5-fdb9-b99b1d56643d?imageView2/2/w/1080/format/jpg,//ci.xiaohongshu.com/e2dfc725-7698-42c7-139b-71c195486e13?imageView2/2/w/1080/format/jpg,//ci.xiaohongshu.com/66016b78-2b07-4628-11a0-7763b4d2e4b8?imageView2/2/w/1080/format/jpg,//ci.xiaohongshu.com/f6b6e860-bbb1-9108-3d57-d5d595aea10e?imageView2/2/w/1080/format/jpg","[{""commentAvatar"": ""https://sns-avatar-qc.xhscdn.com/avatar/5fb10ea8d634bb0001fc4e8e.jpg?imageView2/2/w/80/format/jpg"", ""commentUserName"": ""\u4e91\u6735\u2728"", ""commentTime"": ""07-05"", ""commentContent"": ""\u4f60\u5b66\u7684\u73b0\u5728\u611f\u89c9\u600e\u4e48\u6837\u554a\uff1f\u6211\u4e5f\u662f\u9ed1\u9a6c\uff0c\u521a\u5b66vue\u7b2c8\u5929\uff0c\u60f3\u590d\u8bfb\u4e86""}, {""commentAvatar"": ""https://sns-avatar-qc.xhscdn.com/avatar/628d67ef7255a15b07c98144.jpg?imageView2/2/w/80/format/jpg"", ""commentUserName"": ""\u9999\u8349\u6817\u5b50\ud83c\udf30"", ""commentTime"": ""07-03"", ""commentContent"": ""\u8fd9\u662f\u4ec0\u4e48\u8bb0\u7b14\u8bb0\u8f6f\u4ef6\u5440""}]",0
https://www.xiaohongshu.com/discovery/item/62a9f570000000000b006ee9,å…¥èŒç¬¬ä¸€å¤©ï¼Œä¸ŠåˆåŠå®Œå…¥èŒæ‰‹ç»­åéƒ¨é—¨ç»ç†å«æˆ‘è·Ÿç€ä¸€ä¸ªå¤§å“¥å¥½å¥½å­¦æŠ€æœ¯ï¼Œå¤§å“¥é—®æˆ‘ä¼šä¸ä¼švue3ï¼Œæˆ‘è¯´ä¸ä¼šï¼Œç„¶åä»–å°±å«æˆ‘å…ˆå»ç†Ÿæ‚‰ä¸€ä¸‹vue3ï¼Œç„¶åæ•´å¤©éƒ½åœ¨ç†Ÿæ‚‰vue3ï¼Œç¬¬ä¸€å¤©å°±è¿™ä¹ˆè¿‡äº†ï¼Œå¸¦è–ªå­¦ä¹ è¿˜æ˜¯æŒºçˆ½çš„ã€‚ä¸è¿‡åƒé¥­æ˜¯çœŸçš„è´µï¼Œåƒé¥­ä¸€å¤©å°±å››åå¤šå—äº†ï¼Œè¿™å·¥èµ„éƒ½ä¸å¤Ÿå…»æ´»æˆ‘ä¸€ä¸ªæœˆğŸ˜­ #å‰ç«¯å®ä¹ ,https://sns-avatar-qc.xhscdn.com/avatar/be4e54a984a21be925a215a08fb36c8b.jpg?imageView2/1/w/540/format/jpg,æ—¶é—´è®°è€…,å‘å¸ƒäº 2022-06-15 23:06,4367,10,é»‘é¾™æ±Ÿ,vue,"//ci.xiaohongshu.com/57beca16-7d7e-ef65-b612-9d343eb6f04b?imageView2/2/w/1080/format/jpg,//ci.xiaohongshu.com/01026f01kv0eosgu7rs011dittgcb3xku2?imageView2/2/w/1080/format/jpg,//ci.xiaohongshu.com/66b92160-dcce-7b66-a519-9dbacee17d07?imageView2/2/w/1080/format/jpg","[{""commentAvatar"": ""https://sns-avatar-qc.xhscdn.com/avatar/6174229b768e668ee131170e.jpg?imageView2/2/w/80/format/jpg"", ""commentUserName"": ""\u4e3a\u7231\u51b2\u950b\u7684\u52c7\u58eb"", ""commentTime"": ""07-23"", ""commentContent"": ""\u6b66\u6c49\u666e\u904d\u4e00\u5929\u4e00\u767e\uff0c\u59d0\u59b9\u65b9\u4fbf\u900f\u9732\u4e0b\u85aa\u8d44\u5417\uff0c\u6211\u4e5f\u662f\u524d\u7aef\u5b9e\u4e60""}, {""commentAvatar"": ""https://sns-avatar-qc.xhscdn.com/avatar/6252402d169ac1c84668f54f.jpg?imageView2/2/w/80/format/jpg"", ""commentUserName"": ""\u751c\u4e0d\u8fa3\u5148\u76266\u65a4"", ""commentTime"": ""07-11"", ""commentContent"": ""\u4f60\u597d\uff0c\u6211\u60f3\u95ee\u95ee\u524d\u7aef\u627e\u5b9e\u4e60\u9700\u8981\u51c6\u5907\u4ec0\u4e48\u5440\uff1f\u53ea\u4f1ahtml\uff0ccss\u548cjs\u53ef\u4ee5\u627e\u5230\u5b9e\u4e60\u5417\uff1f""}, {""commentAvatar"": ""https://sns-avatar-qc.xhscdn.com/avatar/2b4cefbb01e0a0824f5c173dde7f98b2.jpg?imageView2/2/w/80/format/jpg"", ""commentUserName"": ""\u5c0f\u7ea2\u85af5D44432D"", ""commentTime"": ""06-23"", ""commentContent"": ""\u6211\u4e5f\u770b\u7684\u5c1a\u7845\u8c37\u7684\uff0c\uff0c\u51c6\u5907\u8d81\u6691\u5047\u8865\u70b9\u77e5\u8bc6\u53bb\u7b14\u8bd5\u9762\u8bd5""}, {""commentAvatar"": ""https://sns-avatar-qc.xhscdn.com/avatar/5f34f2e0cfedba0001ee9cb1.jpg?imageView2/2/w/80/format/jpg"", ""commentUserName"": ""\u67e0\u6aac\u4e0d\u840c"", ""commentTime"": ""06-21"", ""commentContent"": ""\u600e\u4e48\u627e\u7684\u5de5\u4f5c\u5440\uff0c\u80fd\u4e0d\u80fd\u7ed9\u70b9\u5efa\u8bae\u7f51\u4e0a\u6295\u5417""}, {""commentAvatar"": ""https://sns-avatar-qc.xhscdn.com/avatar/5b76e1a05f3a8a0001541068.jpg?imageView2/2/w/80/format/jpg"", ""commentUserName"": ""\u795e\u7684\u5c11\u5973\u98ce\u60c5\u4e07\u79cd"", ""commentTime"": ""06-16"", ""commentContent"": ""\u5b9e\u4e60\u591a\u5c11\u94b1\u6211\u9a6c\u4e0a\u4e5f\u53bb\u5e26\u85aa\u5b66\u4e60\u4e86""}]",0
https://www.xiaohongshu.com/discovery/item/623960b0000000002103f579,"åˆ†äº«ç»™å¤§å®¶ï¼ˆä¸€ï¼‰Vue é‡æ–°æ¸²æŸ“ç»„ä»¶çš„æœ€ä½³æ–¹æ³•å¼ºåˆ¶ Vue é‡æ–°æ¸²æŸ“ç»„ä»¶çš„æœ€ä½³æ–¹æ³•æ˜¯åœ¨ç»„ä»¶ä¸Šè®¾ç½®:keyã€‚ å½“æˆ‘ä»¬éœ€è¦é‡æ–°æ¸²æŸ“ç»„ä»¶æ—¶ï¼Œåªéœ€æ›´ key çš„å€¼ï¼ŒVue å°±ä¼šé‡æ–°æ¸²æŸ“ç»„ä»¶ã€‚è¿™æ˜¯ä¸€ä¸ªéå¸¸ç®€å•çš„è§£å†³æ–¹æ¡ˆã€‚å½“ç„¶ï¼Œä½ å¯èƒ½ä¼šå¯¹å…¶ä»–æ–¹å¼ä¼šæ›´æ„Ÿå…´è¶£ï¼šÂ·ç®€å•ç²—æš´çš„æ–¹å¼ï¼šé‡æ–°åŠ è½½æ•´ä¸ªé¡µé¢Â·ä¸å¦¥çš„æ–¹å¼ï¼šä½¿ç”¨ v-ifÂ·è¾ƒå¥½çš„æ–¹æ³•ï¼šä½¿ç”¨Vueçš„å†…ç½®forceUpdateæ–¹æ³•Â·æœ€å¥½çš„æ–¹æ³•ï¼šåœ¨ç»„ä»¶ä¸Šè¿›è¡Œ key æ›´æ”¹ç®€å•ç²—æš´çš„æ–¹å¼ï¼šé‡æ–°åŠ è½½æ•´ä¸ªé¡µé¢è¿™ç›¸å½“äºæ¯æ¬¡ä½ æƒ³å…³é—­åº”ç”¨ç¨‹åºæ—¶éƒ½è¦é‡æ–°å¯åŠ¨ä½ çš„ç”µè„‘ã€‚è¿™ç§æ–¹å¼æˆ–è®¸æœ‰ç”¨ï¼Œä½†è¿™æ˜¯ä¸€ä¸ªéå¸¸ç³Ÿç³•çš„è§£å†³æ–¹æ¡ˆï¼Œä¸è¦è¿™æ ·åšï¼Œæˆ‘ä»¬æ¥çœ‹çœ‹æ›´å¥½çš„æ–¹æ³•ã€‚1.ä¸å¦¥çš„æ–¹å¼ï¼šä½¿ç”¨ v-ifv-ifæŒ‡ä»¤ï¼Œè¯¥æŒ‡ä»¤ä»…åœ¨ç»„ä»¶ä¸ºtrueæ—¶æ‰æ¸²æŸ“ã€‚ å¦‚æœä¸ºfalseï¼Œåˆ™è¯¥ç»„ä»¶åœ¨DOMä¸­ä¸å­˜åœ¨ã€‚æ¥çœ‹çœ‹ï¼Œv-if æ˜¯æ€ä¹ˆå·¥ä½œçš„ï¼Œåœ¨templateä¸­ï¼Œæ·»åŠ v-ifæŒ‡ä»¤ï¼š<template><my-component v-if=""renderComponent"" /></template>åœ¨script ä¸­ï¼Œä½¿ç”¨nextTickçš„æ–¹æ³•<script>export default {data() {return {renderComponent: true,};},methods: {forceRerender() {// ä» DOM ä¸­åˆ é™¤ my-component ç»„ä»¶this.renderComponent = false;this.$nextTick(() => {// åœ¨ DOM ä¸­æ·»åŠ  my-component ç»„ä»¶this.renderComponent = true;});}}};</script>å†™ä¸ä¸‹äº†ï¼Œå¾…ä¼šåœ¨å†™ä¸€ç¯‡#å‰ç«¯ #webå‰ç«¯å­¦ä¹  #å‰ç«¯å·¥ç¨‹å¸ˆ #å‰ç«¯å·¥ä½œ",https://sns-avatar-qc.xhscdn.com/avatar/605be8b6dd4af172669bf60f.jpg?imageView2/1/w/540/format/jpg,æoba,å‘å¸ƒäº 2022-03-22 13:37,8747,9,æ¹–åŒ—,vue,//ci.xiaohongshu.com/985b08fd-c30e-97e8-b985-38cfc687e97d?imageView2/2/w/1080/format/jpg,"[{""commentAvatar"": ""https://sns-avatar-qc.xhscdn.com/avatar/61b6ea2f6564fffada4820c8.jpg?imageView2/2/w/80/format/jpg"", ""commentUserName"": ""\u5c31\u8fd9\u6837\u5427"", ""commentTime"": ""03-22"", ""commentContent"": ""\u53ef\u4ee5\u7528\u535a\u5ba2\u8bb0\u5f55""}, {""commentAvatar"": ""https://sns-avatar-qc.xhscdn.com/avatar/5b91fa258d5b7500010e0659.jpg?imageView2/2/w/80/format/jpg"", ""commentUserName"": ""mendes"", ""commentTime"": ""03-29"", ""commentContent"": ""\u4e00\u822c\u90fd\u662f\u5728\u54ea\u627e\u7684\u57f9\u8bad\u673a\u6784\u5440""}, {""commentAvatar"": ""https://sns-avatar-qc.xhscdn.com/avatar/625ed69b24e964627aa195a9.jpg?imageView2/2/w/80/format/jpg"", ""commentUserName"": ""\u6b22\u4e50\u591a~"", ""commentTime"": ""04-19"", ""commentContent"": ""\u59d0\u59b9\uff0c\u4f60\u57f9\u8bad\u5b66\u4e86\u51e0\u4e2a\u6708\u5440\uff1f""}, {""commentAvatar"": ""https://sns-avatar-qc.xhscdn.com/avatar/625ed69b24e964627aa195a9.jpg?imageView2/2/w/80/format/jpg"", ""commentUserName"": ""\u6b22\u4e50\u591a~"", ""commentTime"": ""04-19"", ""commentContent"": ""\u59d0\u59b9\uff0c\u4f60\u57f9\u8bad\u5b66\u4e86\u51e0\u4e2a\u6708\u5440\uff1f""}, {""commentAvatar"": ""https://sns-avatar-qc.xhscdn.com/avatar/53ba1722242c3e9344db7b0fc2e1005f.jpg?imageView2/2/w/80/format/jpg"", ""commentUserName"": ""\u7528\u6237\u5df2\u6ce8\u9500"", ""commentTime"": ""04-11"", ""commentContent"": ""\u5417\u54cd\u5e94\u5f0f\u4e3a\u5565\u8981\u624b\u52a8\u91cd\u65b0\u6e32\u67d3\u7ec4\u4ef6""}]",0
https://www.xiaohongshu.com/discovery/item/61d678f7000000000102b464,å°šç¡…è°·yyds!!è®²#vue çš„è€å¸ˆå¤ªç»äº†ï¼ï¼ï¼è®²çš„çœŸå¥½ åˆç»†åˆæ¸…æ¥š å¾ˆé€‚åˆåˆå­¦è€…ï¼ï¼é‡åˆ°ä¸€ä¸ªå¥½çš„è€å¸ˆçœŸçš„èƒ½å­¦çš„è¿›å»äº›ï½å¼€å¿ƒï¼ï¼å­¦ä¹ ä½¿æˆ‘å¿«ä¹,https://sns-avatar-qc.xhscdn.com/avatar/61af23776fbbd00a121a86f5.jpg?imageView2/1/w/540/format/jpg,å‡¯é²äºšå…‹,å‘å¸ƒäº 2022-01-06 13:07,2171,9,æµ™æ±Ÿ,vue,//ci.xiaohongshu.com/7cefae5f-9780-5287-6b6b-745b44df2502?imageView2/2/w/1080/format/jpg,"[{""commentAvatar"": ""https://sns-avatar-qc.xhscdn.com/avatar/619b59470000000010004215.jpg?imageView2/2/w/80/format/jpg"", ""commentUserName"": ""\u3002\u3002"", ""commentTime"": ""01-07"", ""commentContent"": ""\u5149\u770b\u4e0d\u6572\u53ef\u662f\u6ca1\u7528\u7684\u54e6\uff0c""}, {""commentAvatar"": ""https://sns-avatar-qc.xhscdn.com/avatar/61b9f5f61277f72ce6658456.jpg?imageView2/2/w/80/format/jpg"", ""commentUserName"": ""\u6015\u4e0d\u662f\u4f60\u624d\u597d"", ""commentTime"": ""01-12"", ""commentContent"": ""vue\u5b66\u4e60\u6210\u672c\u4f4e\u4e00\u4e9b\u3002\u9009\u8fd9\u4e2a\u5165\u95e8\u633a\u597d\u7684\u3002""}, {""commentAvatar"": ""https://sns-avatar-qc.xhscdn.com/avatar/5ab52b38e8ac2b46a5f58c0f.jpg?imageView2/2/w/80/format/jpg"", ""commentUserName"": ""\u4eba\u4ece\u4f17."", ""commentTime"": ""01-23"", ""commentContent"": ""\u6211\u4e5f\u89c9\u5f97\uff01\u770b\u4e86\u597d\u51e0\u4e2avue\u7684\u89c6\u9891 \u611f\u89c9\u5c1a\u7845\u8c37\u7684\u8fd9\u4e2a\u8001\u5e08\u8bb2\u7684\u6700\u597d\u4e86""}, {""commentAvatar"": ""https://sns-avatar-qc.xhscdn.com/avatar/61e9b976e04481da37e63919.jpg?imageView2/2/w/80/format/jpg"", ""commentUserName"": ""Mike Yeung"", ""commentTime"": ""01-16"", ""commentContent"": ""\u597d\uff0c\u6211\u5efa\u8bae\u5c3d\u91cf\u4e0d\u8981\u7528\u4e2d\u6587comment!\u9664\u975e\u4f60\u60f3\u4e00\u8f88\u5b50\u5728\u56fd\u5185\u5f53\u7a0b\u5e8f\u5458\uff01\u5c3d\u91cf\u7528\u82f1\u6587""}, {""commentAvatar"": ""https://sns-avatar-qc.xhscdn.com/avatar/5d52d8ad000000001201af0a.jpg?imageView2/2/w/80/format/jpg"", ""commentUserName"": ""\u70ed\u5ff1"", ""commentTime"": ""01-08"", ""commentContent"": ""\u5f20\u5929\u79b9\uff1f""}]",0
https://www.xiaohongshu.com/discovery/item/62c05b5b000000000903b9eb,ç”¨äº†å¿«ä¸ƒå…«å¹´äº†å§ï¼Œæœ€ç†Ÿæ‚‰çš„ä¸€æ¬¾è§†é¢‘ç¼–è¾‘è½¯ä»¶ï¼Œå°±è¿™æ ·åœæ‘†äº†â€¦â€¦ç”Ÿæ´»ä¸­æ¥æ¥å»å»çš„äº‹æƒ…å¤šäº†ï¼ŒæŒ‰è¯´ä¹Ÿæ˜¯æ­£å¸¸ã€‚å°±åƒåŒ—äº¬çš„é‚£é‡ŒèŠ±å›­æ‹†äº†é‡å»ºï¼Œå¯èƒ½æœªæ¥çš„é‚£é‡Œä¼šæ˜¯æ›´å¥½çš„é‚£é‡Œå§ã€‚å¯æ˜¯åŸæœ¬çš„é‚£é‡ŒèŠ±å›­æ˜¯é‚£ä¹ˆç¾å¥½ï¼Œè€ŒVUEä¸€ç›´æ˜¯ä¸€ä¸ªæœ‰æ€åº¦çš„å¹³å°ã€‚å®ƒä»¬æ— ç–‘éƒ½ä¼šç•™åœ¨è®°å¿†é‡Œï¼Œå¤±å»çš„ï¼Œæ˜¯ä¸ä¸ªä½“äº§ç”Ÿæƒ…æ„Ÿå…±æŒ¯çš„è½½ä½“å§â€¦â€¦#é‚£é‡ŒèŠ±å›­ #VUE #vlog,https://sns-avatar-qc.xhscdn.com/avatar/5f93a903da07540001dcdbc9.jpg?imageView2/1/w/540/format/jpg,Rachel,å‘å¸ƒäº 2022-07-02 22:51,5185,10,è¾½å®,vue,//ci.xiaohongshu.com/91306c04-2bcd-23fc-8ae9-eb8e1f27fb38?imageView2/2/w/1080/format/jpg,"[{""commentAvatar"": ""https://sns-avatar-qc.xhscdn.com/avatar/60210acb6ed65200014376a7.jpg?imageView2/2/w/80/format/jpg"", ""commentUserName"": ""\u6c5f\u6c5f\u4eca\u5929\u4e5f\u5b85\u5728\u5bb6"", ""commentTime"": ""07-02"", ""commentContent"": ""\u524d\u7aef\u7a0b\u5e8f\u5458\u5fc3\u810f\u9aa4\u505c""}, {""commentAvatar"": ""https://sns-avatar-qc.xhscdn.com/avatar/61a8ceaa84e3a6b514f432cc.jpg?imageView2/2/w/80/format/jpg"", ""commentUserName"": ""\u4e39\u9752\u5440"", ""commentTime"": ""07-04"", ""commentContent"": ""\u90a3\u91cc\u82b1\u56ed\u6ca1\u6709\u62c6""}, {""commentAvatar"": ""https://sns-avatar-qc.xhscdn.com/avatar/60098a1f50e9fb3132c9e43b.jpg?imageView2/2/w/80/format/jpg"", ""commentUserName"": ""\u5496\u55b1\u7096\u725b\u8089!!"", ""commentTime"": ""07-03"", ""commentContent"": ""\u8981\u54ed\u4e86 \u91cc\u9762\u7684\u89c6\u9891\u600e\u4e48\u529e\u5440""}, {""commentAvatar"": ""https://sns-avatar-qc.xhscdn.com/avatar/5e717dd0000000000100789c.jpg?imageView2/2/w/80/format/jpg"", ""commentUserName"": ""\u5954\u8dd1\u7684\u6cd5\u68cd"", ""commentTime"": ""07-12"", ""commentContent"": ""\u6211\u4e4b\u524d\u4e5f\u4e00\u76f4\u7528\u3002\u96be\u602a\u6700\u8fd1\u4e0b\u8f7d\u4e0d\u4e86\u554a\u3002""}]",0
https://www.xiaohongshu.com/discovery/item/61a25ea5000000000102babe,#webå‰ç«¯å­¦ä¹ ,https://sns-avatar-qc.xhscdn.com/avatar/60be4a97000000000100789c.jpg?imageView2/1/w/540/format/jpg,æ ‘æ´,å‘å¸ƒäº 2021-11-28 00:36,9796,10,æ±Ÿè‹,vue,"//ci.xiaohongshu.com/45a7a9da-cc2c-c34a-c210-fd2468082e69?imageView2/2/w/1080/format/jpg,//ci.xiaohongshu.com/7232e466-5b9c-63a0-4eda-1c3d1f7be1ba?imageView2/2/w/1080/format/jpg,//ci.xiaohongshu.com/999403c8-b345-4d72-9646-8fa589e4c212?imageView2/2/w/1080/format/jpg,//ci.xiaohongshu.com/63a1cbee-21e6-dbae-f3df-dc62084db50a?imageView2/2/w/1080/format/jpg,//ci.xiaohongshu.com/a0b5a114-6c1e-cc01-daad-146443111078?imageView2/2/w/1080/format/jpg,//ci.xiaohongshu.com/f2796b84-68e2-6092-b4bc-3f0a87f00f67?imageView2/2/w/1080/format/jpg","[{""commentAvatar"": ""https://sns-avatar-qc.xhscdn.com/avatar/615f428715d8ec6545afb4e7.jpg?imageView2/2/w/80/format/jpg"", ""commentUserName"": ""\u679c\u4e50"", ""commentTime"": ""2021-11-29"", ""commentContent"": ""\u8bf7\u95ee\u4f60\u662f\u600e\u4e48\u51c6\u5907\u7684\u9762\u8bd5\u5440\uff0c\u6211\u4e5f\u662f\u81ea\u5b66\u73b0\u5728vue\u8fd8\u6ca1\u5b66\u5b8c\uff0c\u60f3\u60f3\u524d\u9762\u5b66\u8fc7\u7684\u603b\u89c9\u5f97\u4e00\u56e2\u7cdf""}, {""commentAvatar"": ""https://sns-avatar-qc.xhscdn.com/avatar/61e6547a67e82b3ddf6ba2fc.jpg?imageView2/2/w/80/format/jpg"", ""commentUserName"": ""\u5c0f\u777f\u5947.\ud83e\udd51"", ""commentTime"": ""04-10"", ""commentContent"": ""\u6211\u9762\u8bd5\u7684\u65f6\u5019\u9762\u7684\u53ef\u5dee\u4e86\uff0c\u9762\u8bd5\u5b98\u90fd\u6000\u7591\u6211\u7b80\u5386\u4e0a\u7ecf\u9a8c\u662f\u5047\u7684\u4e86\u4f46\u662f\u8fd8\u662f\u7ed9\u6211\u901a\u8fc7\u4e86\uff0c\u4e0b\u5468\u53bb\u4e0a\u73ed\uff0c\u603b\u611f\u89c9\u745f\u745f\u53d1\u6296""}, {""commentAvatar"": ""https://sns-avatar-qc.xhscdn.com/avatar/5d21701142010b0001c4544b.jpg?imageView2/2/w/80/format/jpg"", ""commentUserName"": ""\u5b66\u4e60"", ""commentTime"": ""2021-11-30"", ""commentContent"": ""\u5c0f\u59d0\u59d0\uff0c\u53ef\u4ee5\u53d1\u4e00\u4e0bmd\u5417""}, {""commentAvatar"": ""https://sns-avatar-qc.xhscdn.com/avatar/59d1ca1e20e88f203aea0172.jpg?imageView2/2/w/80/format/jpg"", ""commentUserName"": ""\u5b66\u4e60\u4f7f\u6211\u5feb\u4e50"", ""commentTime"": ""2021-11-29"", ""commentContent"": ""\u8bf7\u95ee\u90fd\u5b66\u4e86\u4ec0\u4e48 \uff1f""}, {""commentAvatar"": ""https://sns-avatar-qc.xhscdn.com/avatar/5fda2e583dfbc900017ee43a.jpg?imageView2/2/w/80/format/jpg"", ""commentUserName"": ""WoWTeFunk"", ""commentTime"": ""2021-12-01"", ""commentContent"": ""\u6211\u7528vue\u8fd9\u4e48\u4e45\uff0c\u4f60\u8981\u662f\u8fd9\u4e48\u95ee\u6211\u6211\u4e5f\u4e0d\u77e5\u9053\u600e\u4e48\u56de\u7b54\u6700\u8ba8\u538c\u7b14\u8bd5\uff0c\u8fd8\u4e0d\u5982\u4e0a\u673a\u641e\u2026""}]",0
